post_type,final_reason,final_retained,records
reddit_comment,,True,55002
reddit_comment,broker_inventory_offer,False,1
reddit_comment,contact_only,False,3268
reddit_comment,contact_only_v2,False,915
reddit_comment,empty_or_deleted_target,False,261
reddit_comment,explicit_contact_invitation,False,96
reddit_comment,explicit_phone_offer,False,1
reddit_comment,explicit_property_offer,False,112
reddit_comment,explicit_sales_marketing,False,6
reddit_comment,known_reddit_automoderator,False,2134
reddit_comment,media_or_emoji_only,False,570
reddit_comment,no_property_evidence,False,4141
reddit_comment,phone_solicitation,False,202
reddit_comment,reaction_only,False,116
reddit_comment,reaction_only_v2,False,76
reddit_comment,structured_offer_card,False,7
reddit_comment,target_solicitation,False,918
reddit_post,,True,4450
reddit_post,explicit_contact_invitation,False,54
reddit_post,explicit_property_offer,False,610
reddit_post,explicit_sales_marketing,False,69
reddit_post,no_property_evidence,False,549
reddit_post,phone_solicitation,False,8
reddit_post,structured_offer_card,False,206
reddit_post,target_solicitation,False,1241
x_post,,True,11787
x_post,empty_or_deleted_target,False,6
x_post,explicit_contact_invitation,False,12
x_post,explicit_property_offer,False,37
x_post,explicit_sales_marketing,False,2
x_post,no_property_evidence,False,809
x_post,phone_solicitation,False,79
x_post,structured_offer_card,False,1
x_post,target_solicitation,False,371
x_post,x_non_english_metadata,False,38
