domain_id,platform,specification,week,share
1,x,thread,2026-01-05,0.14
1,x,thread,2026-01-12,0.15201900237529692
1,x,thread,2026-01-19,0.1656441717791411
1,x,thread,2026-01-26,0.09418282548476455
1,x,thread,2026-02-02,0.09401709401709402
1,x,thread,2026-02-09,0.15167095115681234
1,x,thread,2026-02-16,0.08635097493036212
1,x,thread,2026-02-23,0.11554192229038855
1,x,thread,2026-03-02,0.17542441390460792
1,x,thread,2026-03-09,0.27522522522522525
1,x,thread,2026-03-16,0.27785145888594165
1,x,thread,2026-03-23,0.2390998593530239
1,x,thread,2026-03-30,0.2085889570552147
1,x,thread,2026-04-06,0.1827956989247312
1,x,thread,2026-04-13,0.17681728880157171
1,x,thread,2026-04-20,0.21052631578947367
1,x,author,2026-01-05,0.12288211164615659
1,x,author,2026-01-12,0.15267131242740997
1,x,author,2026-01-19,0.1575107296137339
1,x,author,2026-01-26,0.09090909090909091
1,x,author,2026-02-02,0.10270270270270271
1,x,author,2026-02-09,0.1364317500681137
1,x,author,2026-02-16,0.0924499911488759
1,x,author,2026-02-23,0.11236297198538368
1,x,author,2026-03-02,0.17205397153690846
1,x,author,2026-03-09,0.26691899221623877
1,x,author,2026-03-16,0.27185996689064174
1,x,author,2026-03-23,0.22571910900640182
1,x,author,2026-03-30,0.12228354181996566
1,x,author,2026-04-06,0.09787545787545787
1,x,author,2026-04-13,0.10052424639580604
1,x,author,2026-04-20,0.10614657210401891
1,x,near_family,2026-01-05,0.14583333333333334
1,x,near_family,2026-01-12,0.15024630541871922
1,x,near_family,2026-01-19,0.17088607594936708
1,x,near_family,2026-01-26,0.09169054441260745
1,x,near_family,2026-02-02,0.09821428571428571
1,x,near_family,2026-02-09,0.14673913043478262
1,x,near_family,2026-02-16,0.08857142857142856
1,x,near_family,2026-02-23,0.11808510638297873
1,x,near_family,2026-03-02,0.16736227045075125
1,x,near_family,2026-03-09,0.2648502700049092
1,x,near_family,2026-03-16,0.2751060820367751
1,x,near_family,2026-03-23,0.2236842105263158
1,x,near_family,2026-03-30,0.17986798679867988
1,x,near_family,2026-04-06,0.1720257234726688
1,x,near_family,2026-04-13,0.17684210526315788
1,x,near_family,2026-04-20,0.19437939110070257
1,x,exclude_promotion_flags,2026-01-05,0.1416184971098266
1,x,exclude_promotion_flags,2026-01-12,0.15144230769230768
1,x,exclude_promotion_flags,2026-01-19,0.167192429022082
1,x,exclude_promotion_flags,2026-01-26,0.09742120343839542
1,x,exclude_promotion_flags,2026-02-02,0.09649122807017543
1,x,exclude_promotion_flags,2026-02-09,0.1544502617801047
1,x,exclude_promotion_flags,2026-02-16,0.09064327485380116
1,x,exclude_promotion_flags,2026-02-23,0.11514522821576763
1,x,exclude_promotion_flags,2026-03-02,0.1769983686786297
1,x,exclude_promotion_flags,2026-03-09,0.2772457820337437
1,x,exclude_promotion_flags,2026-03-16,0.27908540685944855
1,x,exclude_promotion_flags,2026-03-23,0.24182076813655762
1,x,exclude_promotion_flags,2026-03-30,0.21226415094339623
1,x,exclude_promotion_flags,2026-04-06,0.1859375
1,x,exclude_promotion_flags,2026-04-13,0.18036072144288579
1,x,exclude_promotion_flags,2026-04-20,0.20449438202247192
1,x,exclude_short_context,2026-01-05,0.14
1,x,exclude_short_context,2026-01-12,0.15201900237529692
1,x,exclude_short_context,2026-01-19,0.1656441717791411
1,x,exclude_short_context,2026-01-26,0.09418282548476455
1,x,exclude_short_context,2026-02-02,0.09401709401709402
1,x,exclude_short_context,2026-02-09,0.15167095115681234
1,x,exclude_short_context,2026-02-16,0.08635097493036212
1,x,exclude_short_context,2026-02-23,0.11554192229038855
1,x,exclude_short_context,2026-03-02,0.17542441390460792
1,x,exclude_short_context,2026-03-09,0.27522522522522525
1,x,exclude_short_context,2026-03-16,0.27785145888594165
1,x,exclude_short_context,2026-03-23,0.2390998593530239
1,x,exclude_short_context,2026-03-30,0.2085889570552147
1,x,exclude_short_context,2026-04-06,0.1827956989247312
1,x,exclude_short_context,2026-04-13,0.17681728880157171
1,x,exclude_short_context,2026-04-20,0.21052631578947367
1,x,exclude_equity_discourse,2026-01-05,0.14626865671641792
1,x,exclude_equity_discourse,2026-01-12,0.1568627450980392
1,x,exclude_equity_discourse,2026-01-19,0.1624203821656051
1,x,exclude_equity_discourse,2026-01-26,0.09322033898305085
1,x,exclude_equity_discourse,2026-02-02,0.09292035398230089
1,x,exclude_equity_discourse,2026-02-09,0.1514360313315927
1,x,exclude_equity_discourse,2026-02-16,0.08908045977011494
1,x,exclude_equity_discourse,2026-02-23,0.11204188481675392
1,x,exclude_equity_discourse,2026-03-02,0.16137339055793992
1,x,exclude_equity_discourse,2026-03-09,0.22697170379289586
1,x,exclude_equity_discourse,2026-03-16,0.18930762489044697
1,x,exclude_equity_discourse,2026-03-23,0.22916666666666666
1,x,exclude_equity_discourse,2026-03-30,0.2023217247097844
1,x,exclude_equity_discourse,2026-04-06,0.17304492512479203
1,x,exclude_equity_discourse,2026-04-13,0.17791411042944785
1,x,exclude_equity_discourse,2026-04-20,0.21739130434782608
1,x,exclude_administrative_recaps,2026-01-05,0.13753581661891118
1,x,exclude_administrative_recaps,2026-01-12,0.15
1,x,exclude_administrative_recaps,2026-01-19,0.16615384615384615
1,x,exclude_administrative_recaps,2026-01-26,0.09418282548476455
1,x,exclude_administrative_recaps,2026-02-02,0.09482758620689655
1,x,exclude_administrative_recaps,2026-02-09,0.15167095115681234
1,x,exclude_administrative_recaps,2026-02-16,0.08635097493036212
1,x,exclude_administrative_recaps,2026-02-23,0.11554192229038855
1,x,exclude_administrative_recaps,2026-03-02,0.17627944760357434
1,x,exclude_administrative_recaps,2026-03-09,0.27461607949412825
1,x,exclude_administrative_recaps,2026-03-16,0.27770360480640854
1,x,exclude_administrative_recaps,2026-03-23,0.23186344238975817
1,x,exclude_administrative_recaps,2026-03-30,0.2
1,x,exclude_administrative_recaps,2026-04-06,0.17519379844961241
1,x,exclude_administrative_recaps,2026-04-13,0.1702970297029703
1,x,exclude_administrative_recaps,2026-04-20,0.21017699115044247
1,x,utc_calendar,2026-01-05,0.14202898550724638
1,x,utc_calendar,2026-01-12,0.15839243498817968
1,x,utc_calendar,2026-01-19,0.15789473684210525
1,x,utc_calendar,2026-01-26,0.09340659340659341
1,x,utc_calendar,2026-02-02,0.09523809523809523
1,x,utc_calendar,2026-02-09,0.15089514066496162
1,x,utc_calendar,2026-02-16,0.0856353591160221
1,x,utc_calendar,2026-02-23,0.117
1,x,utc_calendar,2026-03-02,0.17560975609756097
1,x,utc_calendar,2026-03-09,0.2766622043730477
1,x,utc_calendar,2026-03-16,0.27714093054619016
1,x,utc_calendar,2026-03-23,0.23931623931623933
1,x,utc_calendar,2026-03-30,0.21100917431192662
1,x,utc_calendar,2026-04-06,0.1780185758513932
1,x,utc_calendar,2026-04-13,0.1782178217821782
1,x,utc_calendar,2026-04-20,0.20869565217391303
1,x,narrow_workbook_category,2026-01-05,0.0
1,x,narrow_workbook_category,2026-01-12,0.0023752969121140144
1,x,narrow_workbook_category,2026-01-19,0.006134969325153374
1,x,narrow_workbook_category,2026-01-26,0.002770083102493075
1,x,narrow_workbook_category,2026-02-02,0.004273504273504274
1,x,narrow_workbook_category,2026-02-09,0.002570694087403599
1,x,narrow_workbook_category,2026-02-16,0.002785515320334262
1,x,narrow_workbook_category,2026-02-23,0.010224948875255624
1,x,narrow_workbook_category,2026-03-02,0.014551333872271624
1,x,narrow_workbook_category,2026-03-09,0.045495495495495496
1,x,narrow_workbook_category,2026-03-16,0.034482758620689655
1,x,narrow_workbook_category,2026-03-23,0.016877637130801686
1,x,narrow_workbook_category,2026-03-30,0.004601226993865031
1,x,narrow_workbook_category,2026-04-06,0.01228878648233487
1,x,narrow_workbook_category,2026-04-13,0.005893909626719057
1,x,narrow_workbook_category,2026-04-20,0.0021929824561403508
1,reddit,thread,2026-01-05,0.07250988922974357
1,reddit,thread,2026-01-12,0.09743236375256806
1,reddit,thread,2026-01-19,0.08686146303326754
1,reddit,thread,2026-01-26,0.08271110503543519
1,reddit,thread,2026-02-02,0.053796348391148954
1,reddit,thread,2026-02-09,0.07698523006764993
1,reddit,thread,2026-02-16,0.08078991884569402
1,reddit,thread,2026-02-23,0.08980949367295764
1,reddit,thread,2026-03-02,0.12997451798526627
1,reddit,thread,2026-03-09,0.11936944293743355
1,reddit,thread,2026-03-16,0.11051277523098778
1,reddit,thread,2026-03-23,0.09484284780632213
1,reddit,thread,2026-03-30,0.10098731643189784
1,reddit,thread,2026-04-06,0.08912318407344294
1,reddit,thread,2026-04-13,0.07643256670655596
1,reddit,thread,2026-04-20,0.09185429271451305
1,reddit,author,2026-01-05,0.0670002122252344
1,reddit,author,2026-01-12,0.07002308133230652
1,reddit,author,2026-01-19,0.06979274346046502
1,reddit,author,2026-01-26,0.0698489388947138
1,reddit,author,2026-02-02,0.06753884081824527
1,reddit,author,2026-02-09,0.07488453622846357
1,reddit,author,2026-02-16,0.07998504435231019
1,reddit,author,2026-02-23,0.09519122973272336
1,reddit,author,2026-03-02,0.11563267148565703
1,reddit,author,2026-03-09,0.11595282287424867
1,reddit,author,2026-03-16,0.10664256157906954
1,reddit,author,2026-03-23,0.10162276520542533
1,reddit,author,2026-03-30,0.11603302298637148
1,reddit,author,2026-04-06,0.10074073378981763
1,reddit,author,2026-04-13,0.06740508934346195
1,reddit,author,2026-04-20,0.09913678596122591
1,reddit,near_family,2026-01-05,0.07837620578778134
1,reddit,near_family,2026-01-12,0.0832
1,reddit,near_family,2026-01-19,0.07370304114490162
1,reddit,near_family,2026-01-26,0.07984934086629002
1,reddit,near_family,2026-02-02,0.07157464212678936
1,reddit,near_family,2026-02-09,0.08212209302325581
1,reddit,near_family,2026-02-16,0.0872133425990271
1,reddit,near_family,2026-02-23,0.10098605916354982
1,reddit,near_family,2026-03-02,0.1321899184271073
1,reddit,near_family,2026-03-09,0.14071146245059288
1,reddit,near_family,2026-03-16,0.1224109362054681
1,reddit,near_family,2026-03-23,0.10148163182463973
1,reddit,near_family,2026-03-30,0.118582944420874
1,reddit,near_family,2026-04-06,0.10445720535958436
1,reddit,near_family,2026-04-13,0.0759493670886076
1,reddit,near_family,2026-04-20,0.0936768149882904
1,reddit,exclude_promotion_flags,2026-01-05,0.07757524374735057
1,reddit,exclude_promotion_flags,2026-01-12,0.08357588357588358
1,reddit,exclude_promotion_flags,2026-01-19,0.06804733727810651
1,reddit,exclude_promotion_flags,2026-01-26,0.07920792079207921
1,reddit,exclude_promotion_flags,2026-02-02,0.07291666666666667
1,reddit,exclude_promotion_flags,2026-02-09,0.08487363259147492
1,reddit,exclude_promotion_flags,2026-02-16,0.08695652173913043
1,reddit,exclude_promotion_flags,2026-02-23,0.10290986515259049
1,reddit,exclude_promotion_flags,2026-03-02,0.12612810917895664
1,reddit,exclude_promotion_flags,2026-03-09,0.1393713813068652
1,reddit,exclude_promotion_flags,2026-03-16,0.12190352020860495
1,reddit,exclude_promotion_flags,2026-03-23,0.09778247096092925
1,reddit,exclude_promotion_flags,2026-03-30,0.11288888888888889
1,reddit,exclude_promotion_flags,2026-04-06,0.10473167916907097
1,reddit,exclude_promotion_flags,2026-04-13,0.075
1,reddit,exclude_promotion_flags,2026-04-20,0.09084380610412926
1,reddit,exclude_short_context,2026-01-05,0.08131176999101528
1,reddit,exclude_short_context,2026-01-12,0.08655188459748721
1,reddit,exclude_short_context,2026-01-19,0.07746188710341986
1,reddit,exclude_short_context,2026-01-26,0.08311688311688312
1,reddit,exclude_short_context,2026-02-02,0.06840390879478828
1,reddit,exclude_short_context,2026-02-09,0.08462505236698785
1,reddit,exclude_short_context,2026-02-16,0.08263772954924875
1,reddit,exclude_short_context,2026-02-23,0.0984009840098401
1,reddit,exclude_short_context,2026-03-02,0.13395946613939694
1,reddit,exclude_short_context,2026-03-09,0.14943342776203966
1,reddit,exclude_short_context,2026-03-16,0.12145848731214585
1,reddit,exclude_short_context,2026-03-23,0.10684798445847499
1,reddit,exclude_short_context,2026-03-30,0.11594202898550725
1,reddit,exclude_short_context,2026-04-06,0.10143957147639772
1,reddit,exclude_short_context,2026-04-13,0.07472437729685585
1,reddit,exclude_short_context,2026-04-20,0.09235037653587
1,reddit,exclude_equity_discourse,2026-01-05,0.07730881738403678
1,reddit,exclude_equity_discourse,2026-01-12,0.08434712084347121
1,reddit,exclude_equity_discourse,2026-01-19,0.07197661673364998
1,reddit,exclude_equity_discourse,2026-01-26,0.08032596041909197
1,reddit,exclude_equity_discourse,2026-02-02,0.07131147540983607
1,reddit,exclude_equity_discourse,2026-02-09,0.0830576993752297
1,reddit,exclude_equity_discourse,2026-02-16,0.08895066018068103
1,reddit,exclude_equity_discourse,2026-02-23,0.10155979202772963
1,reddit,exclude_equity_discourse,2026-03-02,0.12947658402203857
1,reddit,exclude_equity_discourse,2026-03-09,0.13139276329088337
1,reddit,exclude_equity_discourse,2026-03-16,0.123279098873592
1,reddit,exclude_equity_discourse,2026-03-23,0.09867877786952932
1,reddit,exclude_equity_discourse,2026-03-30,0.11914893617021277
1,reddit,exclude_equity_discourse,2026-04-06,0.10584343991179714
1,reddit,exclude_equity_discourse,2026-04-13,0.07533783783783783
1,reddit,exclude_equity_discourse,2026-04-20,0.09585316111488783
1,reddit,exclude_administrative_recaps,2026-01-05,0.0774703557312253
1,reddit,exclude_administrative_recaps,2026-01-12,0.08188489764387795
1,reddit,exclude_administrative_recaps,2026-01-19,0.07155202212236433
1,reddit,exclude_administrative_recaps,2026-01-26,0.07968865826538177
1,reddit,exclude_administrative_recaps,2026-02-02,0.07021696252465483
1,reddit,exclude_administrative_recaps,2026-02-09,0.08188585607940446
1,reddit,exclude_administrative_recaps,2026-02-16,0.08787878787878788
1,reddit,exclude_administrative_recaps,2026-02-23,0.10140562248995984
1,reddit,exclude_administrative_recaps,2026-03-02,0.1301580784233217
1,reddit,exclude_administrative_recaps,2026-03-09,0.14011627906976745
1,reddit,exclude_administrative_recaps,2026-03-16,0.12383272431993504
1,reddit,exclude_administrative_recaps,2026-03-23,0.10115722266560255
1,reddit,exclude_administrative_recaps,2026-03-30,0.12004153686396678
1,reddit,exclude_administrative_recaps,2026-04-06,0.1049973418394471
1,reddit,exclude_administrative_recaps,2026-04-13,0.0752442996742671
1,reddit,exclude_administrative_recaps,2026-04-20,0.09421000981354269
1,reddit,utc_calendar,2026-01-05,0.0776813880126183
1,reddit,utc_calendar,2026-01-12,0.08098727342846124
1,reddit,utc_calendar,2026-01-19,0.07509472959007923
1,reddit,utc_calendar,2026-01-26,0.07592110160029773
1,reddit,utc_calendar,2026-02-02,0.07073075420085971
1,reddit,utc_calendar,2026-02-09,0.08362738179251941
1,reddit,utc_calendar,2026-02-16,0.08729619565217392
1,reddit,utc_calendar,2026-02-23,0.1005586592178771
1,reddit,utc_calendar,2026-03-02,0.13090834360871353
1,reddit,utc_calendar,2026-03-09,0.1400538668718738
1,reddit,utc_calendar,2026-03-16,0.12331884957583282
1,reddit,utc_calendar,2026-03-23,0.10116118874237355
1,reddit,utc_calendar,2026-03-30,0.11922753988245172
1,reddit,utc_calendar,2026-04-06,0.10621830797971711
1,reddit,utc_calendar,2026-04-13,0.07504873294346978
1,reddit,utc_calendar,2026-04-20,0.09437032216075496
1,reddit,narrow_workbook_category,2026-01-05,0.010650887573964497
1,reddit,narrow_workbook_category,2026-01-12,0.013518733101583623
1,reddit,narrow_workbook_category,2026-01-19,0.010715520221223643
1,reddit,narrow_workbook_category,2026-01-26,0.01333827343460541
1,reddit,narrow_workbook_category,2026-02-02,0.0126232741617357
1,reddit,narrow_workbook_category,2026-02-09,0.012761432116270826
1,reddit,narrow_workbook_category,2026-02-16,0.02187079407806191
1,reddit,narrow_workbook_category,2026-02-23,0.024096385542168676
1,reddit,narrow_workbook_category,2026-03-02,0.03345648604269294
1,reddit,narrow_workbook_category,2026-03-09,0.03601859024012394
1,reddit,narrow_workbook_category,2026-03-16,0.04242793341453512
1,reddit,narrow_workbook_category,2026-03-23,0.03168593064966122
1,reddit,narrow_workbook_category,2026-03-30,0.040083073727933544
1,reddit,narrow_workbook_category,2026-04-06,0.04197662061636557
1,reddit,narrow_workbook_category,2026-04-13,0.027352653858677956
1,reddit,narrow_workbook_category,2026-04-20,0.034324942791762014
3,x,thread,2026-01-05,0.26857142857142857
3,x,thread,2026-01-12,0.37767220902612825
3,x,thread,2026-01-19,0.2361963190184049
3,x,thread,2026-01-26,0.17174515235457063
3,x,thread,2026-02-02,0.1282051282051282
3,x,thread,2026-02-09,0.2210796915167095
3,x,thread,2026-02-16,0.16991643454038996
3,x,thread,2026-02-23,0.07668711656441718
3,x,thread,2026-03-02,0.09539207760711399
3,x,thread,2026-03-09,0.06126126126126126
3,x,thread,2026-03-16,0.09748010610079576
3,x,thread,2026-03-23,0.12658227848101267
3,x,thread,2026-03-30,0.08128834355828221
3,x,thread,2026-04-06,0.09062980030721966
3,x,thread,2026-04-13,0.16895874263261296
3,x,thread,2026-04-20,0.20175438596491227
3,x,author,2026-01-05,0.25560906010344214
3,x,author,2026-01-12,0.35174216027874566
3,x,author,2026-01-19,0.2290772532188841
3,x,author,2026-01-26,0.16515151515151516
3,x,author,2026-02-02,0.14054054054054055
3,x,author,2026-02-09,0.2172259558623195
3,x,author,2026-02-16,0.17157904053814835
3,x,author,2026-02-23,0.07389362565976451
3,x,author,2026-03-02,0.0886073767666322
3,x,author,2026-03-09,0.057324631980451755
3,x,author,2026-03-16,0.08758621649068625
3,x,author,2026-03-23,0.10988336402701043
3,x,author,2026-03-30,0.09363502575423105
3,x,author,2026-04-06,0.08168498168498169
3,x,author,2026-04-13,0.15035677879714576
3,x,author,2026-04-20,0.20059101654846337
3,x,near_family,2026-01-05,0.27380952380952384
3,x,near_family,2026-01-12,0.37438423645320196
3,x,near_family,2026-01-19,0.23734177215189872
3,x,near_family,2026-01-26,0.17765042979942694
3,x,near_family,2026-02-02,0.12946428571428573
3,x,near_family,2026-02-09,0.22554347826086957
3,x,near_family,2026-02-16,0.17142857142857143
3,x,near_family,2026-02-23,0.07765957446808511
3,x,near_family,2026-03-02,0.08931552587646077
3,x,near_family,2026-03-09,0.062346588119784
3,x,near_family,2026-03-16,0.10183875530410184
3,x,near_family,2026-03-23,0.12573099415204678
3,x,near_family,2026-03-30,0.0858085808580858
3,x,near_family,2026-04-06,0.08681672025723473
3,x,near_family,2026-04-13,0.16842105263157894
3,x,near_family,2026-04-20,0.19437939110070257
3,x,exclude_promotion_flags,2026-01-05,0.26878612716763006
3,x,exclude_promotion_flags,2026-01-12,0.3798076923076923
3,x,exclude_promotion_flags,2026-01-19,0.2334384858044164
3,x,exclude_promotion_flags,2026-01-26,0.16905444126074498
3,x,exclude_promotion_flags,2026-02-02,0.12719298245614036
3,x,exclude_promotion_flags,2026-02-09,0.22251308900523561
3,x,exclude_promotion_flags,2026-02-16,0.17251461988304093
3,x,exclude_promotion_flags,2026-02-23,0.07468879668049792
3,x,exclude_promotion_flags,2026-03-02,0.09624796084828711
3,x,exclude_promotion_flags,2026-03-09,0.061103511171910624
3,x,exclude_promotion_flags,2026-03-16,0.09616677874915938
3,x,exclude_promotion_flags,2026-03-23,0.1251778093883357
3,x,exclude_promotion_flags,2026-03-30,0.08333333333333333
3,x,exclude_promotion_flags,2026-04-06,0.0921875
3,x,exclude_promotion_flags,2026-04-13,0.17234468937875752
3,x,exclude_promotion_flags,2026-04-20,0.19550561797752808
3,x,exclude_short_context,2026-01-05,0.26857142857142857
3,x,exclude_short_context,2026-01-12,0.37767220902612825
3,x,exclude_short_context,2026-01-19,0.2361963190184049
3,x,exclude_short_context,2026-01-26,0.17174515235457063
3,x,exclude_short_context,2026-02-02,0.1282051282051282
3,x,exclude_short_context,2026-02-09,0.2210796915167095
3,x,exclude_short_context,2026-02-16,0.16991643454038996
3,x,exclude_short_context,2026-02-23,0.07668711656441718
3,x,exclude_short_context,2026-03-02,0.09539207760711399
3,x,exclude_short_context,2026-03-09,0.06126126126126126
3,x,exclude_short_context,2026-03-16,0.09748010610079576
3,x,exclude_short_context,2026-03-23,0.12658227848101267
3,x,exclude_short_context,2026-03-30,0.08128834355828221
3,x,exclude_short_context,2026-04-06,0.09062980030721966
3,x,exclude_short_context,2026-04-13,0.16895874263261296
3,x,exclude_short_context,2026-04-20,0.20175438596491227
3,x,exclude_equity_discourse,2026-01-05,0.27761194029850744
3,x,exclude_equity_discourse,2026-01-12,0.38480392156862747
3,x,exclude_equity_discourse,2026-01-19,0.24203821656050956
3,x,exclude_equity_discourse,2026-01-26,0.17231638418079095
3,x,exclude_equity_discourse,2026-02-02,0.13274336283185842
3,x,exclude_equity_discourse,2026-02-09,0.2193211488250653
3,x,exclude_equity_discourse,2026-02-16,0.16954022988505746
3,x,exclude_equity_discourse,2026-02-23,0.0743455497382199
3,x,exclude_equity_discourse,2026-03-02,0.09527896995708154
3,x,exclude_equity_discourse,2026-03-09,0.07224563515954245
3,x,exclude_equity_discourse,2026-03-16,0.08501314636283962
3,x,exclude_equity_discourse,2026-03-23,0.12351190476190477
3,x,exclude_equity_discourse,2026-03-30,0.07960199004975124
3,x,exclude_equity_discourse,2026-04-06,0.07321131447587355
3,x,exclude_equity_discourse,2026-04-13,0.16359918200409
3,x,exclude_equity_discourse,2026-04-20,0.20823798627002288
3,x,exclude_administrative_recaps,2026-01-05,0.2693409742120344
3,x,exclude_administrative_recaps,2026-01-12,0.37857142857142856
3,x,exclude_administrative_recaps,2026-01-19,0.23692307692307693
3,x,exclude_administrative_recaps,2026-01-26,0.17174515235457063
3,x,exclude_administrative_recaps,2026-02-02,0.12931034482758622
3,x,exclude_administrative_recaps,2026-02-09,0.2210796915167095
3,x,exclude_administrative_recaps,2026-02-16,0.16991643454038996
3,x,exclude_administrative_recaps,2026-02-23,0.07668711656441718
3,x,exclude_administrative_recaps,2026-03-02,0.0958570268074736
3,x,exclude_administrative_recaps,2026-03-09,0.06142728093947606
3,x,exclude_administrative_recaps,2026-03-16,0.09813084112149532
3,x,exclude_administrative_recaps,2026-03-23,0.12802275960170698
3,x,exclude_administrative_recaps,2026-03-30,0.08217054263565891
3,x,exclude_administrative_recaps,2026-04-06,0.09147286821705426
3,x,exclude_administrative_recaps,2026-04-13,0.1702970297029703
3,x,exclude_administrative_recaps,2026-04-20,0.20353982300884957
3,x,utc_calendar,2026-01-05,0.2753623188405797
3,x,utc_calendar,2026-01-12,0.375886524822695
3,x,utc_calendar,2026-01-19,0.23529411764705882
3,x,utc_calendar,2026-01-26,0.17032967032967034
3,x,utc_calendar,2026-02-02,0.12987012987012986
3,x,utc_calendar,2026-02-09,0.22250639386189258
3,x,utc_calendar,2026-02-16,0.1685082872928177
3,x,utc_calendar,2026-02-23,0.075
3,x,utc_calendar,2026-03-02,0.0951219512195122
3,x,utc_calendar,2026-03-09,0.06113342257920571
3,x,utc_calendar,2026-03-16,0.09912339851652056
3,x,utc_calendar,2026-03-23,0.1282051282051282
3,x,utc_calendar,2026-03-30,0.07951070336391437
3,x,utc_calendar,2026-04-06,0.09287925696594428
3,x,utc_calendar,2026-04-13,0.16831683168316833
3,x,utc_calendar,2026-04-20,0.2
3,x,narrow_workbook_category,2026-01-05,0.0
3,x,narrow_workbook_category,2026-01-12,0.0
3,x,narrow_workbook_category,2026-01-19,0.0
3,x,narrow_workbook_category,2026-01-26,0.0
3,x,narrow_workbook_category,2026-02-02,0.0
3,x,narrow_workbook_category,2026-02-09,0.0
3,x,narrow_workbook_category,2026-02-16,0.0
3,x,narrow_workbook_category,2026-02-23,0.0
3,x,narrow_workbook_category,2026-03-02,0.0
3,x,narrow_workbook_category,2026-03-09,0.0
3,x,narrow_workbook_category,2026-03-16,0.0
3,x,narrow_workbook_category,2026-03-23,0.0
3,x,narrow_workbook_category,2026-03-30,0.0
3,x,narrow_workbook_category,2026-04-06,0.0
3,x,narrow_workbook_category,2026-04-13,0.0
3,x,narrow_workbook_category,2026-04-20,0.0
3,reddit,thread,2026-01-05,0.11071674520905068
3,reddit,thread,2026-01-12,0.10016304822137108
3,reddit,thread,2026-01-19,0.07967479694762815
3,reddit,thread,2026-01-26,0.09793441116391888
3,reddit,thread,2026-02-02,0.08898848029569102
3,reddit,thread,2026-02-09,0.08143758276710851
3,reddit,thread,2026-02-16,0.08307577644244513
3,reddit,thread,2026-02-23,0.08112449194990828
3,reddit,thread,2026-03-02,0.06110282757089571
3,reddit,thread,2026-03-09,0.061413228346198806
3,reddit,thread,2026-03-16,0.06040870316641935
3,reddit,thread,2026-03-23,0.06783562535808553
3,reddit,thread,2026-03-30,0.05025663346984935
3,reddit,thread,2026-04-06,0.06499336073989456
3,reddit,thread,2026-04-13,0.06917623217906055
3,reddit,thread,2026-04-20,0.07569514337766124
3,reddit,author,2026-01-05,0.09455036773448686
3,reddit,author,2026-01-12,0.0649587334308852
3,reddit,author,2026-01-19,0.07534735875697901
3,reddit,author,2026-01-26,0.06869868434175683
3,reddit,author,2026-02-02,0.06080932735995751
3,reddit,author,2026-02-09,0.05808672717395845
3,reddit,author,2026-02-16,0.07224242967472613
3,reddit,author,2026-02-23,0.0555819863086097
3,reddit,author,2026-03-02,0.043036806784914686
3,reddit,author,2026-03-09,0.050180459459637394
3,reddit,author,2026-03-16,0.03632940682860745
3,reddit,author,2026-03-23,0.05994947504117965
3,reddit,author,2026-03-30,0.044514069847069536
3,reddit,author,2026-04-06,0.04265903250235532
3,reddit,author,2026-04-13,0.05378477702825405
3,reddit,author,2026-04-20,0.04946765441484975
3,reddit,near_family,2026-01-05,0.10409967845659164
3,reddit,near_family,2026-01-12,0.0812
3,reddit,near_family,2026-01-19,0.0776386404293381
3,reddit,near_family,2026-01-26,0.08587570621468926
3,reddit,near_family,2026-02-02,0.07464212678936605
3,reddit,near_family,2026-02-09,0.07521802325581395
3,reddit,near_family,2026-02-16,0.0941626129256428
3,reddit,near_family,2026-02-23,0.06596395783747025
3,reddit,near_family,2026-03-02,0.04852541309349508
3,reddit,near_family,2026-03-09,0.06007905138339921
3,reddit,near_family,2026-03-16,0.04287489643744822
3,reddit,near_family,2026-03-23,0.05774304850822001
3,reddit,near_family,2026-03-30,0.04794229953330505
3,reddit,near_family,2026-04-06,0.04744325950232431
3,reddit,near_family,2026-04-13,0.06029313790806129
3,reddit,near_family,2026-04-20,0.050518568082970894
3,reddit,exclude_promotion_flags,2026-01-05,0.10767274268757948
3,reddit,exclude_promotion_flags,2026-01-12,0.08066528066528067
3,reddit,exclude_promotion_flags,2026-01-19,0.07544378698224852
3,reddit,exclude_promotion_flags,2026-01-26,0.0891089108910891
3,reddit,exclude_promotion_flags,2026-02-02,0.07416666666666667
3,reddit,exclude_promotion_flags,2026-02-09,0.07619766125990192
3,reddit,exclude_promotion_flags,2026-02-16,0.09522098454904779
3,reddit,exclude_promotion_flags,2026-02-23,0.06564939673527324
3,reddit,exclude_promotion_flags,2026-03-02,0.04710543693594541
3,reddit,exclude_promotion_flags,2026-03-09,0.06058726220016543
3,reddit,exclude_promotion_flags,2026-03-16,0.041720990873533245
3,reddit,exclude_promotion_flags,2026-03-23,0.058711721224920806
3,reddit,exclude_promotion_flags,2026-03-30,0.048
3,reddit,exclude_promotion_flags,2026-04-06,0.04760530871321408
3,reddit,exclude_promotion_flags,2026-04-13,0.05845070422535211
3,reddit,exclude_promotion_flags,2026-04-20,0.04955116696588869
3,reddit,exclude_short_context,2026-01-05,0.10736747529200359
3,reddit,exclude_short_context,2026-01-12,0.08562121917170777
3,reddit,exclude_short_context,2026-01-19,0.07952204367531933
3,reddit,exclude_short_context,2026-01-26,0.09177489177489177
3,reddit,exclude_short_context,2026-02-02,0.07398790134946487
3,reddit,exclude_short_context,2026-02-09,0.07624633431085044
3,reddit,exclude_short_context,2026-02-16,0.1001669449081803
3,reddit,exclude_short_context,2026-02-23,0.06806068060680606
3,reddit,exclude_short_context,2026-03-02,0.05190311418685121
3,reddit,exclude_short_context,2026-03-09,0.06350330500472144
3,reddit,exclude_short_context,2026-03-16,0.045331362404533136
3,reddit,exclude_short_context,2026-03-23,0.05949490043710539
3,reddit,exclude_short_context,2026-03-30,0.05136028476989575
3,reddit,exclude_short_context,2026-04-06,0.05122196183461667
3,reddit,exclude_short_context,2026-04-13,0.06288280930992242
3,reddit,exclude_short_context,2026-04-20,0.054696789536266346
3,reddit,exclude_equity_discourse,2026-01-05,0.10363560384454659
3,reddit,exclude_equity_discourse,2026-01-12,0.08231954582319546
3,reddit,exclude_equity_discourse,2026-01-19,0.07745706978443552
3,reddit,exclude_equity_discourse,2026-01-26,0.08653473030655802
3,reddit,exclude_equity_discourse,2026-02-02,0.07213114754098361
3,reddit,exclude_equity_discourse,2026-02-09,0.07350238882763689
3,reddit,exclude_equity_discourse,2026-02-16,0.09381514940931203
3,reddit,exclude_equity_discourse,2026-02-23,0.0658578856152513
3,reddit,exclude_equity_discourse,2026-03-02,0.04852723034541216
3,reddit,exclude_equity_discourse,2026-03-09,0.0545785324439054
3,reddit,exclude_equity_discourse,2026-03-16,0.040884438881935756
3,reddit,exclude_equity_discourse,2026-03-23,0.05697770437654831
3,reddit,exclude_equity_discourse,2026-03-30,0.047021276595744683
3,reddit,exclude_equity_discourse,2026-04-06,0.048235942668136716
3,reddit,exclude_equity_discourse,2026-04-13,0.05810810810810811
3,reddit,exclude_equity_discourse,2026-04-20,0.04962610469068661
3,reddit,exclude_administrative_recaps,2026-01-05,0.10316205533596838
3,reddit,exclude_administrative_recaps,2026-01-12,0.08033989957512554
3,reddit,exclude_administrative_recaps,2026-01-19,0.07535430349118562
3,reddit,exclude_administrative_recaps,2026-01-26,0.08561897702001482
3,reddit,exclude_administrative_recaps,2026-02-02,0.07218934911242604
3,reddit,exclude_administrative_recaps,2026-02-09,0.07373271889400922
3,reddit,exclude_administrative_recaps,2026-02-16,0.09191919191919191
3,reddit,exclude_administrative_recaps,2026-02-23,0.06526104417670683
3,reddit,exclude_administrative_recaps,2026-03-02,0.047834120303839045
3,reddit,exclude_administrative_recaps,2026-03-09,0.05930232558139535
3,reddit,exclude_administrative_recaps,2026-03-16,0.042224928948436866
3,reddit,exclude_administrative_recaps,2026-03-23,0.05746209098164405
3,reddit,exclude_administrative_recaps,2026-03-30,0.04818276220145379
3,reddit,exclude_administrative_recaps,2026-04-06,0.04731525784157363
3,reddit,exclude_administrative_recaps,2026-04-13,0.058957654723127036
3,reddit,exclude_administrative_recaps,2026-04-20,0.05103042198233562
3,reddit,utc_calendar,2026-01-05,0.10252365930599369
3,reddit,utc_calendar,2026-01-12,0.07944465869649055
3,reddit,utc_calendar,2026-01-19,0.0792283844299001
3,reddit,utc_calendar,2026-01-26,0.08150353554149609
3,reddit,utc_calendar,2026-02-02,0.07307542008597108
3,reddit,utc_calendar,2026-02-09,0.07339449541284404
3,reddit,utc_calendar,2026-02-16,0.09273097826086957
3,reddit,utc_calendar,2026-02-23,0.06408149852119618
3,reddit,utc_calendar,2026-03-02,0.04726674886970818
3,reddit,utc_calendar,2026-03-09,0.060023085802231625
3,reddit,utc_calendar,2026-03-16,0.0420028967515001
3,reddit,utc_calendar,2026-03-23,0.05648494390867939
3,reddit,utc_calendar,2026-03-30,0.04848866498740554
3,reddit,utc_calendar,2026-04-06,0.04750467040298906
3,reddit,utc_calendar,2026-04-13,0.05977907732293697
3,reddit,utc_calendar,2026-04-20,0.05109013992840872
3,reddit,narrow_workbook_category,2026-01-05,0.022485207100591716
3,reddit,narrow_workbook_category,2026-01-12,0.008111239860950173
3,reddit,narrow_workbook_category,2026-01-19,0.010369858278603527
3,reddit,narrow_workbook_category,2026-01-26,0.013708781030011115
3,reddit,narrow_workbook_category,2026-02-02,0.005128205128205128
3,reddit,narrow_workbook_category,2026-02-09,0.008862105636299186
3,reddit,narrow_workbook_category,2026-02-16,0.011440107671601614
3,reddit,narrow_workbook_category,2026-02-23,0.011713520749665328
3,reddit,narrow_workbook_category,2026-03-02,0.014367816091954023
3,reddit,narrow_workbook_category,2026-03-09,0.016653756777691712
3,reddit,narrow_workbook_category,2026-03-16,0.008120178643930167
3,reddit,narrow_workbook_category,2026-03-23,0.01315265045834994
3,reddit,narrow_workbook_category,2026-03-30,0.0060228452751817235
3,reddit,narrow_workbook_category,2026-04-06,0.005047821466524973
3,reddit,narrow_workbook_category,2026-04-13,0.012373819602735266
3,reddit,narrow_workbook_category,2026-04-20,0.007845701209545603
9,x,thread,2026-01-05,0.037142857142857144
9,x,thread,2026-01-12,0.0332541567695962
9,x,thread,2026-01-19,0.02147239263803681
9,x,thread,2026-01-26,0.013850415512465374
9,x,thread,2026-02-02,0.03418803418803419
9,x,thread,2026-02-09,0.11311053984575835
9,x,thread,2026-02-16,0.03899721448467967
9,x,thread,2026-02-23,0.1032719836400818
9,x,thread,2026-03-02,0.08164915117219078
9,x,thread,2026-03-09,0.05810810810810811
9,x,thread,2026-03-16,0.0603448275862069
9,x,thread,2026-03-23,0.0379746835443038
9,x,thread,2026-03-30,0.05061349693251534
9,x,thread,2026-04-06,0.06758832565284179
9,x,thread,2026-04-13,0.021611001964636542
9,x,thread,2026-04-20,0.02412280701754386
9,x,author,2026-01-05,0.04868913857677903
9,x,author,2026-01-12,0.043471046955367514
9,x,author,2026-01-19,0.02575107296137339
9,x,author,2026-01-26,0.018867924528301886
9,x,author,2026-02-02,0.03783783783783784
9,x,author,2026-02-09,0.12074592074592073
9,x,author,2026-02-16,0.04237918215613383
9,x,author,2026-02-23,0.10221274868047098
9,x,author,2026-03-02,0.08425666026493328
9,x,author,2026-03-09,0.0591708840457276
9,x,author,2026-03-16,0.05110339023134816
9,x,author,2026-03-23,0.04174340085942296
9,x,author,2026-03-30,0.05224429727740986
9,x,author,2026-04-06,0.08398744113029828
9,x,author,2026-04-13,0.03363914373088685
9,x,author,2026-04-20,0.03723404255319149
9,x,near_family,2026-01-05,0.03869047619047619
9,x,near_family,2026-01-12,0.03201970443349754
9,x,near_family,2026-01-19,0.022151898734177215
9,x,near_family,2026-01-26,0.014326647564469915
9,x,near_family,2026-02-02,0.03571428571428571
9,x,near_family,2026-02-09,0.10326086956521739
9,x,near_family,2026-02-16,0.04
9,x,near_family,2026-02-23,0.10319148936170212
9,x,near_family,2026-03-02,0.08263772954924875
9,x,near_family,2026-03-09,0.054982817869415807
9,x,near_family,2026-03-16,0.05586987270155587
9,x,near_family,2026-03-23,0.039473684210526314
9,x,near_family,2026-03-30,0.052805280528052806
9,x,near_family,2026-04-06,0.06832797427652733
9,x,near_family,2026-04-13,0.023157894736842106
9,x,near_family,2026-04-20,0.02576112412177986
9,x,exclude_promotion_flags,2026-01-05,0.03757225433526012
9,x,exclude_promotion_flags,2026-01-12,0.03365384615384615
9,x,exclude_promotion_flags,2026-01-19,0.022082018927444796
9,x,exclude_promotion_flags,2026-01-26,0.014326647564469915
9,x,exclude_promotion_flags,2026-02-02,0.03508771929824561
9,x,exclude_promotion_flags,2026-02-09,0.11518324607329843
9,x,exclude_promotion_flags,2026-02-16,0.04093567251461988
9,x,exclude_promotion_flags,2026-02-23,0.1037344398340249
9,x,exclude_promotion_flags,2026-03-02,0.08238172920065252
9,x,exclude_promotion_flags,2026-03-09,0.05836753305973552
9,x,exclude_promotion_flags,2026-03-16,0.05985205110961668
9,x,exclude_promotion_flags,2026-03-23,0.03840682788051209
9,x,exclude_promotion_flags,2026-03-30,0.05188679245283019
9,x,exclude_promotion_flags,2026-04-06,0.06875
9,x,exclude_promotion_flags,2026-04-13,0.022044088176352707
9,x,exclude_promotion_flags,2026-04-20,0.024719101123595506
9,x,exclude_short_context,2026-01-05,0.037142857142857144
9,x,exclude_short_context,2026-01-12,0.0332541567695962
9,x,exclude_short_context,2026-01-19,0.02147239263803681
9,x,exclude_short_context,2026-01-26,0.013850415512465374
9,x,exclude_short_context,2026-02-02,0.03418803418803419
9,x,exclude_short_context,2026-02-09,0.11311053984575835
9,x,exclude_short_context,2026-02-16,0.03899721448467967
9,x,exclude_short_context,2026-02-23,0.1032719836400818
9,x,exclude_short_context,2026-03-02,0.08164915117219078
9,x,exclude_short_context,2026-03-09,0.05810810810810811
9,x,exclude_short_context,2026-03-16,0.0603448275862069
9,x,exclude_short_context,2026-03-23,0.0379746835443038
9,x,exclude_short_context,2026-03-30,0.05061349693251534
9,x,exclude_short_context,2026-04-06,0.06758832565284179
9,x,exclude_short_context,2026-04-13,0.021611001964636542
9,x,exclude_short_context,2026-04-20,0.02412280701754386
9,x,exclude_equity_discourse,2026-01-05,0.03880597014925373
9,x,exclude_equity_discourse,2026-01-12,0.03431372549019608
9,x,exclude_equity_discourse,2026-01-19,0.01910828025477707
9,x,exclude_equity_discourse,2026-01-26,0.014124293785310734
9,x,exclude_equity_discourse,2026-02-02,0.030973451327433628
9,x,exclude_equity_discourse,2026-02-09,0.11488250652741515
9,x,exclude_equity_discourse,2026-02-16,0.040229885057471264
9,x,exclude_equity_discourse,2026-02-23,0.10471204188481675
9,x,exclude_equity_discourse,2026-03-02,0.08583690987124463
9,x,exclude_equity_discourse,2026-03-09,0.054786273329319686
9,x,exclude_equity_discourse,2026-03-16,0.06923751095530237
9,x,exclude_equity_discourse,2026-03-23,0.04017857142857143
9,x,exclude_equity_discourse,2026-03-30,0.05140961857379768
9,x,exclude_equity_discourse,2026-04-06,0.06988352745424292
9,x,exclude_equity_discourse,2026-04-13,0.022494887525562373
9,x,exclude_equity_discourse,2026-04-20,0.02288329519450801
9,x,exclude_administrative_recaps,2026-01-05,0.03724928366762178
9,x,exclude_administrative_recaps,2026-01-12,0.03333333333333333
9,x,exclude_administrative_recaps,2026-01-19,0.021538461538461538
9,x,exclude_administrative_recaps,2026-01-26,0.013850415512465374
9,x,exclude_administrative_recaps,2026-02-02,0.034482758620689655
9,x,exclude_administrative_recaps,2026-02-09,0.11311053984575835
9,x,exclude_administrative_recaps,2026-02-16,0.03899721448467967
9,x,exclude_administrative_recaps,2026-02-23,0.1032719836400818
9,x,exclude_administrative_recaps,2026-03-02,0.08204711616571893
9,x,exclude_administrative_recaps,2026-03-09,0.058265582655826556
9,x,exclude_administrative_recaps,2026-03-16,0.06074766355140187
9,x,exclude_administrative_recaps,2026-03-23,0.03840682788051209
9,x,exclude_administrative_recaps,2026-03-30,0.05116279069767442
9,x,exclude_administrative_recaps,2026-04-06,0.06821705426356589
9,x,exclude_administrative_recaps,2026-04-13,0.02178217821782178
9,x,exclude_administrative_recaps,2026-04-20,0.024336283185840708
9,x,utc_calendar,2026-01-05,0.03768115942028986
9,x,utc_calendar,2026-01-12,0.03309692671394799
9,x,utc_calendar,2026-01-19,0.021671826625386997
9,x,utc_calendar,2026-01-26,0.013736263736263736
9,x,utc_calendar,2026-02-02,0.03463203463203463
9,x,utc_calendar,2026-02-09,0.11253196930946291
9,x,utc_calendar,2026-02-16,0.03867403314917127
9,x,utc_calendar,2026-02-23,0.109
9,x,utc_calendar,2026-03-02,0.07723577235772358
9,x,utc_calendar,2026-03-09,0.0571173583221776
9,x,utc_calendar,2026-03-16,0.06136210384356035
9,x,utc_calendar,2026-03-23,0.037037037037037035
9,x,utc_calendar,2026-03-30,0.05045871559633028
9,x,utc_calendar,2026-04-06,0.06811145510835913
9,x,utc_calendar,2026-04-13,0.02178217821782178
9,x,utc_calendar,2026-04-20,0.03260869565217391
9,x,narrow_workbook_category,2026-01-05,0.0
9,x,narrow_workbook_category,2026-01-12,0.0023752969121140144
9,x,narrow_workbook_category,2026-01-19,0.0
9,x,narrow_workbook_category,2026-01-26,0.0
9,x,narrow_workbook_category,2026-02-02,0.0
9,x,narrow_workbook_category,2026-02-09,0.0
9,x,narrow_workbook_category,2026-02-16,0.0
9,x,narrow_workbook_category,2026-02-23,0.07975460122699386
9,x,narrow_workbook_category,2026-03-02,0.0444624090541633
9,x,narrow_workbook_category,2026-03-09,0.043243243243243246
9,x,narrow_workbook_category,2026-03-16,0.033156498673740056
9,x,narrow_workbook_category,2026-03-23,0.016877637130801686
9,x,narrow_workbook_category,2026-03-30,0.03067484662576687
9,x,narrow_workbook_category,2026-04-06,0.026113671274961597
9,x,narrow_workbook_category,2026-04-13,0.0019646365422396855
9,x,narrow_workbook_category,2026-04-20,0.010964912280701754
9,reddit,thread,2026-01-05,0.024152425221805038
9,reddit,thread,2026-01-12,0.026712709362766075
9,reddit,thread,2026-01-19,0.034588697249653556
9,reddit,thread,2026-01-26,0.025369514588087526
9,reddit,thread,2026-02-02,0.027239100980915643
9,reddit,thread,2026-02-09,0.033305518756919734
9,reddit,thread,2026-02-16,0.03538326393609594
9,reddit,thread,2026-02-23,0.02847161171142473
9,reddit,thread,2026-03-02,0.0464916013939937
9,reddit,thread,2026-03-09,0.048576248094288975
9,reddit,thread,2026-03-16,0.04327727391189041
9,reddit,thread,2026-03-23,0.037933527018269325
9,reddit,thread,2026-03-30,0.03430397198979825
9,reddit,thread,2026-04-06,0.04054343500462642
9,reddit,thread,2026-04-13,0.027893011201410835
9,reddit,thread,2026-04-20,0.03651423841455459
9,reddit,author,2026-01-05,0.025104575572170905
9,reddit,author,2026-01-12,0.027083713022436794
9,reddit,author,2026-01-19,0.031085247701248035
9,reddit,author,2026-01-26,0.02764996299588207
9,reddit,author,2026-02-02,0.027185563693695375
9,reddit,author,2026-02-09,0.03147437518961325
9,reddit,author,2026-02-16,0.027487528917351407
9,reddit,author,2026-02-23,0.045509811025732
9,reddit,author,2026-03-02,0.054652725368959154
9,reddit,author,2026-03-09,0.04694084051804846
9,reddit,author,2026-03-16,0.06431350334733857
9,reddit,author,2026-03-23,0.04851100206844828
9,reddit,author,2026-03-30,0.048728347292229884
9,reddit,author,2026-04-06,0.047199272207784956
9,reddit,author,2026-04-13,0.05023842630194647
9,reddit,author,2026-04-20,0.0365765661286887
9,reddit,near_family,2026-01-05,0.028135048231511254
9,reddit,near_family,2026-01-12,0.0328
9,reddit,near_family,2026-01-19,0.03005366726296959
9,reddit,near_family,2026-01-26,0.02749529190207156
9,reddit,near_family,2026-02-02,0.025357873210633947
9,reddit,near_family,2026-02-09,0.030523255813953487
9,reddit,near_family,2026-02-16,0.024322446143154968
9,reddit,near_family,2026-02-23,0.04828289697381843
9,reddit,near_family,2026-03-02,0.055636896046852125
9,reddit,near_family,2026-03-09,0.04683794466403162
9,reddit,near_family,2026-03-16,0.05592377796188898
9,reddit,near_family,2026-03-23,0.05053785264867059
9,reddit,near_family,2026-03-30,0.044760288502333476
9,reddit,near_family,2026-04-06,0.04320481268799563
9,reddit,near_family,2026-04-13,0.041305796135909394
9,reddit,near_family,2026-04-20,0.03813984610237538
9,reddit,exclude_promotion_flags,2026-01-05,0.03688003391267486
9,reddit,exclude_promotion_flags,2026-01-12,0.03659043659043659
9,reddit,exclude_promotion_flags,2026-01-19,0.03920118343195266
9,reddit,exclude_promotion_flags,2026-01-26,0.03683168316831683
9,reddit,exclude_promotion_flags,2026-02-02,0.03375
9,reddit,exclude_promotion_flags,2026-02-09,0.03923047906450396
9,reddit,exclude_promotion_flags,2026-02-16,0.035932446999640676
9,reddit,exclude_promotion_flags,2026-02-23,0.05571327182398864
9,reddit,exclude_promotion_flags,2026-03-02,0.06603565925599823
9,reddit,exclude_promotion_flags,2026-03-09,0.05748552522746071
9,reddit,exclude_promotion_flags,2026-03-16,0.06671012603215994
9,reddit,exclude_promotion_flags,2026-03-23,0.059345300950369585
9,reddit,exclude_promotion_flags,2026-03-30,0.05377777777777778
9,reddit,exclude_promotion_flags,2026-04-06,0.0551067512983266
9,reddit,exclude_promotion_flags,2026-04-13,0.054929577464788736
9,reddit,exclude_promotion_flags,2026-04-20,0.04883303411131059
9,reddit,exclude_short_context,2026-01-05,0.014824797843665768
9,reddit,exclude_short_context,2026-01-12,0.012563983248022336
9,reddit,exclude_short_context,2026-01-19,0.011948908117016894
9,reddit,exclude_short_context,2026-01-26,0.00909090909090909
9,reddit,exclude_short_context,2026-02-02,0.009771986970684038
9,reddit,exclude_short_context,2026-02-09,0.00754084625052367
9,reddit,exclude_short_context,2026-02-16,0.012103505843071787
9,reddit,exclude_short_context,2026-02-23,0.02993029930299303
9,reddit,exclude_short_context,2026-03-02,0.043499752842313395
9,reddit,exclude_short_context,2026-03-09,0.030453257790368272
9,reddit,exclude_short_context,2026-03-16,0.044592264104459226
9,reddit,exclude_short_context,2026-03-23,0.03181155900922778
9,reddit,exclude_short_context,2026-03-30,0.03025680142384948
9,reddit,exclude_short_context,2026-04-06,0.025108804820890524
9,reddit,exclude_short_context,2026-04-13,0.018783176806859942
9,reddit,exclude_short_context,2026-04-20,0.023781212841854936
9,reddit,exclude_equity_discourse,2026-01-05,0.03593815294609277
9,reddit,exclude_equity_discourse,2026-01-12,0.035685320356853206
9,reddit,exclude_equity_discourse,2026-01-19,0.03872853489221776
9,reddit,exclude_equity_discourse,2026-01-26,0.03608847497089639
9,reddit,exclude_equity_discourse,2026-02-02,0.033196721311475406
9,reddit,exclude_equity_discourse,2026-02-09,0.037853730246233
9,reddit,exclude_equity_discourse,2026-02-16,0.03474635163307853
9,reddit,exclude_equity_discourse,2026-02-23,0.05476603119584055
9,reddit,exclude_equity_discourse,2026-03-02,0.06336088154269973
9,reddit,exclude_equity_discourse,2026-03-09,0.05619567414594704
9,reddit,exclude_equity_discourse,2026-03-16,0.06341259908218606
9,reddit,exclude_equity_discourse,2026-03-23,0.057803468208092484
9,reddit,exclude_equity_discourse,2026-03-30,0.05127659574468085
9,reddit,exclude_equity_discourse,2026-04-06,0.052646085997794925
9,reddit,exclude_equity_discourse,2026-04-13,0.05202702702702703
9,reddit,exclude_equity_discourse,2026-04-20,0.04656696125084976
9,reddit,exclude_administrative_recaps,2026-01-05,0.03438735177865613
9,reddit,exclude_administrative_recaps,2026-01-12,0.03398995751255311
9,reddit,exclude_administrative_recaps,2026-01-19,0.03698582786035257
9,reddit,exclude_administrative_recaps,2026-01-26,0.03446997776130467
9,reddit,exclude_administrative_recaps,2026-02-02,0.03195266272189349
9,reddit,exclude_administrative_recaps,2026-02-09,0.03686635944700461
9,reddit,exclude_administrative_recaps,2026-02-16,0.03367003367003367
9,reddit,exclude_administrative_recaps,2026-02-23,0.05287817938420348
9,reddit,exclude_administrative_recaps,2026-03-02,0.06179429275302813
9,reddit,exclude_administrative_recaps,2026-03-09,0.05406976744186046
9,reddit,exclude_administrative_recaps,2026-03-16,0.06252537555826228
9,reddit,exclude_administrative_recaps,2026-03-23,0.05646448523543496
9,reddit,exclude_administrative_recaps,2026-03-30,0.050259605399792316
9,reddit,exclude_administrative_recaps,2026-04-06,0.050770866560340244
9,reddit,exclude_administrative_recaps,2026-04-13,0.050814332247557006
9,reddit,exclude_administrative_recaps,2026-04-20,0.044815178279358846
9,reddit,utc_calendar,2026-01-05,0.03430599369085174
9,reddit,utc_calendar,2026-01-12,0.03432317778634786
9,reddit,utc_calendar,2026-01-19,0.03685842232173613
9,reddit,utc_calendar,2026-01-26,0.034983252698176405
9,reddit,utc_calendar,2026-02-02,0.031652989449003514
9,reddit,utc_calendar,2026-02-09,0.03599153140437544
9,reddit,utc_calendar,2026-02-16,0.033967391304347824
9,reddit,utc_calendar,2026-02-23,0.053565560302333226
9,reddit,utc_calendar,2026-03-02,0.062063296341964655
9,reddit,utc_calendar,2026-03-09,0.05309734513274336
9,reddit,utc_calendar,2026-03-16,0.06393544382371198
9,reddit,utc_calendar,2026-03-23,0.05550088565243062
9,reddit,utc_calendar,2026-03-30,0.05142737195633921
9,reddit,utc_calendar,2026-04-06,0.04937283159861222
9,reddit,utc_calendar,2026-04-13,0.051332033788174136
9,reddit,utc_calendar,2026-04-20,0.04490725675235926
9,reddit,narrow_workbook_category,2026-01-05,0.0003944773175542406
9,reddit,narrow_workbook_category,2026-01-12,0.0019312475859405175
9,reddit,narrow_workbook_category,2026-01-19,0.000691323885240235
9,reddit,narrow_workbook_category,2026-01-26,0.0
9,reddit,narrow_workbook_category,2026-02-02,0.0
9,reddit,narrow_workbook_category,2026-02-09,0.0003544842254519674
9,reddit,narrow_workbook_category,2026-02-16,0.0006729475100942127
9,reddit,narrow_workbook_category,2026-02-23,0.012382864792503346
9,reddit,narrow_workbook_category,2026-03-02,0.01929392446633826
9,reddit,narrow_workbook_category,2026-03-09,0.011037955073586367
9,reddit,narrow_workbook_category,2026-03-16,0.021112464474218433
9,reddit,narrow_workbook_category,2026-03-23,0.013351933041052212
9,reddit,narrow_workbook_category,2026-03-30,0.012461059190031152
9,reddit,narrow_workbook_category,2026-04-06,0.005844845908607864
9,reddit,narrow_workbook_category,2026-04-13,0.0016281341582546401
9,reddit,narrow_workbook_category,2026-04-20,0.0035959463877084014
