domain_id,platform,outcome,specification,n,r,rho
1,x,median_sale_amount_aed,thread,16,-0.2821145013431283,-0.2441176470588235
1,x,median_sale_amount_aed,author,16,-0.14568764142314464,-0.2058823529411765
1,x,median_sale_amount_aed,near_family,16,-0.23790333746866094,-0.23823529411764705
1,x,median_sale_amount_aed,exclude_promotion_flags,16,-0.28191191245250863,-0.28529411764705886
1,x,median_sale_amount_aed,exclude_short_context,16,-0.2821145013431283,-0.2441176470588235
1,x,median_sale_amount_aed,exclude_equity_discourse,16,-0.35802295521972327,-0.3147058823529411
1,x,median_sale_amount_aed,exclude_administrative_recaps,16,-0.28102019621361773,-0.32647058823529407
1,x,median_sale_amount_aed,utc_calendar,16,-0.28726164215444827,-0.26176470588235295
1,x,median_sale_amount_aed,narrow_workbook_category,16,-0.2939638360006739,-0.28529411764705886
1,x,median_sale_amount_aed,linear_detrend,16,0.0066929054299906515,0.13529411764705881
1,x,median_sale_amount_aed,fortnight,8,-0.3137636350672773,-0.07185757571479554
1,x,median_sale_amount_aed,mean_sale_amount,16,-0.18405848142066084,-0.3
1,x,median_sale_amount_aed,flat_median_per_transacted_sqm,16,-0.09313861330006235,0.03529411764705882
1,reddit,median_sale_amount_aed,thread,16,-0.2962771880259784,-0.2735294117647059
1,reddit,median_sale_amount_aed,author,16,-0.5445734979090519,-0.5088235294117647
1,reddit,median_sale_amount_aed,near_family,16,-0.4904910400749385,-0.4705882352941176
1,reddit,median_sale_amount_aed,exclude_promotion_flags,16,-0.504449961776604,-0.5264705882352941
1,reddit,median_sale_amount_aed,exclude_short_context,16,-0.4702043592105549,-0.44705882352941173
1,reddit,median_sale_amount_aed,exclude_equity_discourse,16,-0.46896122239130106,-0.4823529411764706
1,reddit,median_sale_amount_aed,exclude_administrative_recaps,16,-0.48822780375530944,-0.5205882352941177
1,reddit,median_sale_amount_aed,utc_calendar,16,-0.5077064348853605,-0.5058823529411764
1,reddit,median_sale_amount_aed,narrow_workbook_category,16,-0.40268717773344975,-0.30882352941176466
1,reddit,median_sale_amount_aed,linear_detrend,16,-0.32695879464867866,-0.18823529411764706
1,reddit,median_sale_amount_aed,fortnight,8,-0.6121884123785966,-0.5509080804800991
1,reddit,median_sale_amount_aed,mean_sale_amount,16,-0.37130180632933824,-0.2676470588235294
1,reddit,median_sale_amount_aed,flat_median_per_transacted_sqm,16,-0.2620827294512995,-0.28529411764705886
3,x,offplan_count,thread,16,0.25480887685646875,0.1764705882352941
3,x,offplan_count,author,16,0.2869198981388768,0.18529411764705883
3,x,offplan_count,near_family,16,0.2690886604698156,0.1764705882352941
3,x,offplan_count,exclude_promotion_flags,16,0.25341732065665057,0.09999999999999999
3,x,offplan_count,exclude_short_context,16,0.25480887685646875,0.1764705882352941
3,x,offplan_count,exclude_equity_discourse,16,0.2577127497696667,0.15882352941176472
3,x,offplan_count,exclude_administrative_recaps,16,0.25402780156075555,0.17941176470588235
3,x,offplan_count,utc_calendar,16,0.2541383681712296,0.1764705882352941
3,x,offplan_count,narrow_workbook_category,16,,
3,x,offplan_count,linear_detrend,16,0.08943906871392543,0.0
3,x,offplan_count,fortnight,8,0.44055183660287206,0.5476190476190477
3,reddit,offplan_count,thread,16,0.44078798669815505,0.4323529411764706
3,reddit,offplan_count,author,16,0.3931732171662956,0.28823529411764703
3,reddit,offplan_count,near_family,16,0.40869273356550445,0.2823529411764706
3,reddit,offplan_count,exclude_promotion_flags,16,0.4235209570210921,0.38235294117647056
3,reddit,offplan_count,exclude_short_context,16,0.39125458700306964,0.28823529411764703
3,reddit,offplan_count,exclude_equity_discourse,16,0.4178278682043068,0.29411764705882354
3,reddit,offplan_count,exclude_administrative_recaps,16,0.41743619216850103,0.31764705882352945
3,reddit,offplan_count,utc_calendar,16,0.4050192044599178,0.3529411764705882
3,reddit,offplan_count,narrow_workbook_category,16,-0.19017317255720478,-0.3588235294117647
3,reddit,offplan_count,linear_detrend,16,0.2870884822418457,0.07941176470588236
3,reddit,offplan_count,fortnight,8,0.52601714771593,0.38095238095238104
3,x,ready_count,thread,16,0.35898430732651054,0.29411764705882354
3,x,ready_count,author,16,0.4041243820807533,0.32647058823529407
3,x,ready_count,near_family,16,0.37998978895414176,0.29411764705882354
3,x,ready_count,exclude_promotion_flags,16,0.35768874201139006,0.25588235294117645
3,x,ready_count,exclude_short_context,16,0.35898430732651054,0.29411764705882354
3,x,ready_count,exclude_equity_discourse,16,0.38410984807342197,0.32647058823529407
3,x,ready_count,exclude_administrative_recaps,16,0.35436366527558866,0.26176470588235295
3,x,ready_count,utc_calendar,16,0.3542802379295528,0.29411764705882354
3,x,ready_count,narrow_workbook_category,16,,
3,x,ready_count,linear_detrend,16,-0.15564131164645642,-0.21176470588235297
3,x,ready_count,fortnight,8,0.37072309840338324,0.261904761904762
3,reddit,ready_count,thread,16,0.6392929449986543,0.6441176470588235
3,reddit,ready_count,author,16,0.5983915433212004,0.6176470588235293
3,reddit,ready_count,near_family,16,0.7567141995993708,0.7058823529411764
3,reddit,ready_count,exclude_promotion_flags,16,0.7487483361881092,0.7647058823529411
3,reddit,ready_count,exclude_short_context,16,0.7439222702867496,0.7264705882352941
3,reddit,ready_count,exclude_equity_discourse,16,0.7471358161500135,0.6882352941176471
3,reddit,ready_count,exclude_administrative_recaps,16,0.750205171640947,0.7382352941176471
3,reddit,ready_count,utc_calendar,16,0.7499419115924981,0.7470588235294118
3,reddit,ready_count,narrow_workbook_category,16,0.10967347558915576,0.02058823529411765
3,reddit,ready_count,linear_detrend,16,0.34975652458761175,0.28529411764705886
3,reddit,ready_count,fortnight,8,0.8537996216359703,0.7142857142857144
9,x,sales_registrations,thread,16,-0.006867349670905699,-0.10588235294117648
9,x,sales_registrations,author,16,0.037914876109805665,-0.03529411764705882
9,x,sales_registrations,near_family,16,-0.0229263637524301,-0.10588235294117648
9,x,sales_registrations,exclude_promotion_flags,16,0.0019476111265888355,-0.0823529411764706
9,x,sales_registrations,exclude_short_context,16,-0.006867349670905699,-0.10588235294117648
9,x,sales_registrations,exclude_equity_discourse,16,-0.0627619001913228,-0.10882352941176471
9,x,sales_registrations,exclude_administrative_recaps,16,-0.010840545451797419,-0.10588235294117648
9,x,sales_registrations,utc_calendar,16,0.003588963378036285,-0.09411764705882353
9,x,sales_registrations,narrow_workbook_category,16,-0.2663613938219769,-0.4982870795835374
9,x,sales_registrations,linear_detrend,16,0.04385293844402604,0.16764705882352943
9,x,sales_registrations,fortnight,8,0.11835523704839544,0.14285714285714288
9,reddit,sales_registrations,thread,16,-0.6119243683715685,-0.6294117647058822
9,reddit,sales_registrations,author,16,-0.7714549485826994,-0.7352941176470589
9,reddit,sales_registrations,near_family,16,-0.7186270007864167,-0.6382352941176471
9,reddit,sales_registrations,exclude_promotion_flags,16,-0.7769944587467839,-0.6705882352941177
9,reddit,sales_registrations,exclude_short_context,16,-0.7910653962728517,-0.7735294117647058
9,reddit,sales_registrations,exclude_equity_discourse,16,-0.7543695897806334,-0.6617647058823529
9,reddit,sales_registrations,exclude_administrative_recaps,16,-0.7626507399391513,-0.6705882352941177
9,reddit,sales_registrations,utc_calendar,16,-0.7723444004850986,-0.6294117647058822
9,reddit,sales_registrations,narrow_workbook_category,16,-0.6818990049828271,-0.7049302865020491
9,reddit,sales_registrations,linear_detrend,16,-0.6034215920627121,-0.40294117647058825
9,reddit,sales_registrations,fortnight,8,-0.9033153092198495,-0.8333333333333335
