domain_id,platform,outcome,lag,block,method,n,low,high,valid
1,x,median_sale_amount_aed,0,2,pearson,16,-0.7246017944046775,0.22701199280843756,4999
1,x,median_sale_amount_aed,0,2,spearman,16,-0.6821756035928623,0.2556053811659193,4999
1,x,median_sale_amount_aed,0,3,pearson,16,-0.720445426900985,0.2183902462644999,4999
1,x,median_sale_amount_aed,0,3,spearman,16,-0.7053571428571429,0.24749994504890682,4999
1,x,median_sale_amount_aed,0,4,pearson,16,-0.7072048540482851,0.21728657581259708,4999
1,x,median_sale_amount_aed,0,4,spearman,16,-0.679554940497576,0.22576779778238873,4999
1,x,median_sale_amount_aed,1,2,pearson,15,-0.32282787689728,0.653757214252996,4999
1,x,median_sale_amount_aed,1,2,spearman,15,-0.4226528096428449,0.676980259870065,4999
1,x,median_sale_amount_aed,1,3,pearson,15,-0.3903501171393459,0.6658505796647,4999
1,x,median_sale_amount_aed,1,3,spearman,15,-0.4893398529814987,0.6666968053044003,4999
1,x,median_sale_amount_aed,1,4,pearson,15,-0.3728932358889041,0.663744267953114,4999
1,x,median_sale_amount_aed,1,4,spearman,15,-0.4927562297987697,0.6588291019325503,4999
1,x,median_sale_amount_aed,2,2,pearson,14,-0.49424604817414897,0.5210938860319132,4999
1,x,median_sale_amount_aed,2,2,spearman,14,-0.5193287571438832,0.5730486891385768,4999
1,x,median_sale_amount_aed,2,3,pearson,14,-0.628305082857569,0.49516514131873524,4999
1,x,median_sale_amount_aed,2,3,spearman,14,-0.6286353467561522,0.5436241610738255,4999
1,x,median_sale_amount_aed,2,4,pearson,14,-0.555089795329626,0.49051100215838084,4999
1,x,median_sale_amount_aed,2,4,spearman,14,-0.5492288986024749,0.542014470237467,4999
1,reddit,median_sale_amount_aed,0,2,pearson,16,-0.7671720687616382,-0.007629808949161372,4999
1,reddit,median_sale_amount_aed,0,2,spearman,16,-0.7685631388064622,-0.040004001321784534,4999
1,reddit,median_sale_amount_aed,0,3,pearson,16,-0.7373127420779192,-0.03464922450146317,4999
1,reddit,median_sale_amount_aed,0,3,spearman,16,-0.7395271587003508,-0.06566186922530202,4999
1,reddit,median_sale_amount_aed,0,4,pearson,16,-0.7073416492694466,-0.06507698409205467,4999
1,reddit,median_sale_amount_aed,0,4,spearman,16,-0.7065908183632734,-0.09997771173848433,4999
1,reddit,median_sale_amount_aed,1,2,pearson,15,-0.662646220473685,0.43849421917822046,4999
1,reddit,median_sale_amount_aed,1,2,spearman,15,-0.6769621686318276,0.4584611330698298,4999
1,reddit,median_sale_amount_aed,1,3,pearson,15,-0.6036501499809542,0.40981489714411595,4999
1,reddit,median_sale_amount_aed,1,3,spearman,15,-0.5854983649444081,0.42165061058344644,4999
1,reddit,median_sale_amount_aed,1,4,pearson,15,-0.5752494376062899,0.444133700205837,4999
1,reddit,median_sale_amount_aed,1,4,spearman,15,-0.5419011857707511,0.41266543521939225,4999
1,reddit,median_sale_amount_aed,2,2,pearson,14,-0.5626651001943783,0.475184537496544,4999
1,reddit,median_sale_amount_aed,2,2,spearman,14,-0.5820324594257178,0.42876148242001966,4999
1,reddit,median_sale_amount_aed,2,3,pearson,14,-0.5993634245448253,0.4891922123716348,4999
1,reddit,median_sale_amount_aed,2,3,spearman,14,-0.6010301916565961,0.4464522756005058,4999
1,reddit,median_sale_amount_aed,2,4,pearson,14,-0.5906796068227963,0.4822031727312832,4999
1,reddit,median_sale_amount_aed,2,4,spearman,14,-0.5900289217066366,0.42796959138422563,4999
3,x,offplan_count,0,2,pearson,16,-0.20674605395990972,0.5013863308134843,4999
3,x,offplan_count,0,2,spearman,16,-0.35333244621867377,0.551587470559274,4999
3,x,offplan_count,0,3,pearson,16,-0.2001098241559332,0.46685684541338385,4999
3,x,offplan_count,0,3,spearman,16,-0.3937864648656355,0.5268208713648909,4999
3,x,offplan_count,0,4,pearson,16,-0.20024359144113518,0.44767967531768876,4999
3,x,offplan_count,0,4,spearman,16,-0.40185578394975824,0.5148899168100975,4999
3,x,offplan_count,1,2,pearson,15,-0.06146206259114522,0.6934182485162166,4999
3,x,offplan_count,1,2,spearman,15,-0.12321080368906456,0.8245363354016163,4999
3,x,offplan_count,1,3,pearson,15,-0.0335090399824163,0.6737120969994473,4999
3,x,offplan_count,1,3,spearman,15,-0.11030741410488246,0.7927272727272727,4999
3,x,offplan_count,1,4,pearson,15,-0.0068091864538588525,0.6452956684708714,4999
3,x,offplan_count,1,4,spearman,15,-0.07426611317168463,0.7693835334420345,4999
3,x,offplan_count,2,2,pearson,14,-0.07802590608008837,0.7608015852545187,4999
3,x,offplan_count,2,2,spearman,14,-0.05463985224707572,0.8129175946547884,4999
3,x,offplan_count,2,3,pearson,14,-0.08403700046056317,0.7637236497631963,4999
3,x,offplan_count,2,3,spearman,14,-0.035398230088495575,0.802247191011236,4999
3,x,offplan_count,2,4,pearson,14,-0.10889818006085764,0.7566477912669538,4999
3,x,offplan_count,2,4,spearman,14,-0.0512364040398001,0.7872445885078504,4999
3,reddit,offplan_count,0,2,pearson,16,-0.11001422077406466,0.7509116417804858,4999
3,reddit,offplan_count,0,2,spearman,16,-0.27355594704249414,0.7544937397931409,4999
3,reddit,offplan_count,0,3,pearson,16,-0.0994120893924796,0.7365502128500223,4999
3,reddit,offplan_count,0,3,spearman,16,-0.2635369201083461,0.7177238456881846,4999
3,reddit,offplan_count,0,4,pearson,16,-0.06727123582776023,0.6995999302027652,4999
3,reddit,offplan_count,0,4,spearman,16,-0.23216534391534394,0.6662729908638332,4999
3,reddit,offplan_count,1,2,pearson,15,-0.06776145031395985,0.5879494819122454,4999
3,reddit,offplan_count,1,2,spearman,15,-0.20218579234972678,0.6188747731397459,4999
3,reddit,offplan_count,1,3,pearson,15,-0.11681845258280638,0.5774793400687337,4999
3,reddit,offplan_count,1,3,spearman,15,-0.23216830811113778,0.5935616677214782,4999
3,reddit,offplan_count,1,4,pearson,15,-0.11087262902916539,0.5668637861409376,4999
3,reddit,offplan_count,1,4,spearman,15,-0.23616501747649288,0.5740072202166066,4999
3,reddit,offplan_count,2,2,pearson,14,-0.4324753705564194,0.6649735375527781,4999
3,reddit,offplan_count,2,2,spearman,14,-0.3728270509977827,0.7438775356307973,4999
3,reddit,offplan_count,2,3,pearson,14,-0.3951251310134778,0.6151177827796583,4999
3,reddit,offplan_count,2,3,spearman,14,-0.3484787713269306,0.6858407079646017,4999
3,reddit,offplan_count,2,4,pearson,14,-0.392451764329542,0.5802048612763826,4999
3,reddit,offplan_count,2,4,spearman,14,-0.34841628959276016,0.6486606606606607,4999
3,x,ready_count,0,2,pearson,16,-0.08375344250884434,0.6528854970362261,4999
3,x,ready_count,0,2,spearman,16,-0.3503479587909383,0.6486566924066924,4999
3,x,ready_count,0,3,pearson,16,-0.1408313894768334,0.6543567630802242,4999
3,x,ready_count,0,3,spearman,16,-0.46158742111302353,0.62555720653789,4999
3,x,ready_count,0,4,pearson,16,-0.14071665461696498,0.6381869000243634,4999
3,x,ready_count,0,4,spearman,16,-0.4941589489745228,0.5947328046282215,4999
3,x,ready_count,1,2,pearson,15,0.4147492256402251,0.8646056061546065,4999
3,x,ready_count,1,2,spearman,15,0.1645109321058688,0.8988784326451141,4999
3,x,ready_count,1,3,pearson,15,0.37850888381985764,0.874967343859204,4999
3,x,ready_count,1,3,spearman,15,0.11421701993040177,0.8882882882882883,4999
3,x,ready_count,1,4,pearson,15,0.3787675508873736,0.8634524240327466,4999
3,x,ready_count,1,4,spearman,15,0.11175247213938158,0.8804347826086957,4999
3,x,ready_count,2,2,pearson,14,0.29432376490555484,0.9153635034206596,4999
3,x,ready_count,2,2,spearman,14,0.13373438500960924,0.892146923968358,4999
3,x,ready_count,2,3,pearson,14,0.29035797780137595,0.9360247887239072,4999
3,x,ready_count,2,3,spearman,14,0.1288664627930683,0.8975917743818701,4999
3,x,ready_count,2,4,pearson,14,0.24255636268843567,0.9337571201383125,4999
3,x,ready_count,2,4,spearman,14,0.11445676163723917,0.8936994789607248,4999
3,reddit,ready_count,0,2,pearson,16,0.5209156140707829,0.9061179278535598,4999
3,reddit,ready_count,0,2,spearman,16,0.24107142857142858,0.91045443423716,4999
3,reddit,ready_count,0,3,pearson,16,0.5023697643039232,0.8961306915014031,4999
3,reddit,ready_count,0,3,spearman,16,0.2064196393575489,0.9033666805362087,4999
3,reddit,ready_count,0,4,pearson,16,0.5225578546739216,0.8834382850749259,4999
3,reddit,ready_count,0,4,spearman,16,0.23920627176154888,0.901653959515748,4999
3,reddit,ready_count,1,2,pearson,15,0.41676146297988714,0.884211835494704,4999
3,reddit,ready_count,1,2,spearman,15,-0.00546448087431694,0.7873953073953074,4999
3,reddit,ready_count,1,3,pearson,15,0.3937686051357082,0.8721928651136793,4999
3,reddit,ready_count,1,3,spearman,15,-0.10750988012336181,0.7794050828758136,4999
3,reddit,ready_count,1,4,pearson,15,0.41047067271184645,0.8694827437040369,4999
3,reddit,ready_count,1,4,spearman,15,-0.09939237967914437,0.7685352622061483,4999
3,reddit,ready_count,2,2,pearson,14,0.11095567227742252,0.9061583203219343,4999
3,reddit,ready_count,2,2,spearman,14,0.015730337078651686,0.8648648648648649,4999
3,reddit,ready_count,2,3,pearson,14,0.08232155731148039,0.8950509056374297,4999
3,reddit,ready_count,2,3,spearman,14,0.03354216580603878,0.8382564205457466,4999
3,reddit,ready_count,2,4,pearson,14,0.05523457176759007,0.8862243201767821,4999
3,reddit,ready_count,2,4,spearman,14,0.024708090388128427,0.8137472283813747,4999
9,x,sales_registrations,0,2,pearson,16,-0.6301409167770917,0.5350273104964598,4999
9,x,sales_registrations,0,2,spearman,16,-0.6493573661491793,0.5350434843202443,4999
9,x,sales_registrations,0,3,pearson,16,-0.5821998056547193,0.4997716636652469,4999
9,x,sales_registrations,0,3,spearman,16,-0.6183640082714912,0.4879243103682567,4999
9,x,sales_registrations,0,4,pearson,16,-0.5441159090747398,0.46578815554276093,4999
9,x,sales_registrations,0,4,spearman,16,-0.5625649109792284,0.46076917989418,4999
9,x,sales_registrations,1,2,pearson,15,-0.8268417734590384,-0.1099135198392081,4999
9,x,sales_registrations,1,2,spearman,15,-0.7967332123411979,-0.08496935166471645,4999
9,x,sales_registrations,1,3,pearson,15,-0.7904015375576878,-0.15219698065927378,4999
9,x,sales_registrations,1,3,spearman,15,-0.7655776655776655,-0.09366607796794983,4999
9,x,sales_registrations,1,4,pearson,15,-0.7590971809424709,-0.17708603485498353,4999
9,x,sales_registrations,1,4,spearman,15,-0.751820841352053,-0.11384379013025103,4999
9,x,sales_registrations,2,2,pearson,14,-0.8673002675855197,0.40153324278190966,4999
9,x,sales_registrations,2,2,spearman,14,-0.8574610244988864,0.2887290606418444,4999
9,x,sales_registrations,2,3,pearson,14,-0.8716721900213125,0.3939902595282132,4999
9,x,sales_registrations,2,3,spearman,14,-0.8628409504182325,0.33637964244868507,4999
9,x,sales_registrations,2,4,pearson,14,-0.8638359758644474,0.38839717988707495,4999
9,x,sales_registrations,2,4,spearman,14,-0.8523818776998849,0.30362012987013004,4999
9,reddit,sales_registrations,0,2,pearson,16,-0.9026471315946392,-0.4538058404845432,4999
9,reddit,sales_registrations,0,2,spearman,16,-0.9004599847353214,-0.16504867287625152,4999
9,reddit,sales_registrations,0,3,pearson,16,-0.8902889127331365,-0.46238477855327265,4999
9,reddit,sales_registrations,0,3,spearman,16,-0.8869872346528973,-0.1618751680989058,4999
9,reddit,sales_registrations,0,4,pearson,16,-0.8813281536490494,-0.48831057388316496,4999
9,reddit,sales_registrations,0,4,spearman,16,-0.8785275038351961,-0.17379238146697265,4999
9,reddit,sales_registrations,1,2,pearson,15,-0.9238200960260775,-0.3416824906147658,4999
9,reddit,sales_registrations,1,2,spearman,15,-0.9018181818181819,-0.09120781762403457,4999
9,reddit,sales_registrations,1,3,pearson,15,-0.9223957819215352,-0.270209397104638,4999
9,reddit,sales_registrations,1,3,spearman,15,-0.8688998903151216,-0.05434782608695652,4999
9,reddit,sales_registrations,1,4,pearson,15,-0.9129364331083207,-0.28568299975843314,4999
9,reddit,sales_registrations,1,4,spearman,15,-0.8484027218658285,-0.04395604395604396,4999
9,reddit,sales_registrations,2,2,pearson,14,-0.8826456981424261,0.08066431121044018,4999
9,reddit,sales_registrations,2,2,spearman,14,-0.7946657254215717,0.20836395477137762,4999
9,reddit,sales_registrations,2,3,pearson,14,-0.8593824769316339,0.09277107963701474,4999
9,reddit,sales_registrations,2,3,spearman,14,-0.7583892617449665,0.1925450423457995,4999
9,reddit,sales_registrations,2,4,pearson,14,-0.8451972567943707,0.11681313047102439,4999
9,reddit,sales_registrations,2,4,spearman,14,-0.7415041740526946,0.22274786313947395,4999
