domain_id,domain,topics,x_count,x_percent,reddit_count,reddit_percent
1,Property Market & Pricing,70,2356,19.988122507847628,5981,10.060216645360963
2,Property Investment & Finance,25,722,6.125392381437177,1555,2.615555406041849
3,Developers & Property Projects,37,1474,12.505302451853737,3705,6.231918186099711
4,Property Locations & Characteristics,59,185,1.5695257487062018,5597,9.414317432550629
5,Rental & Tenancy,27,246,2.0870450496309494,2002,3.3674224584538788
6,Property Transactions & Professional Services,54,306,2.5960804275897176,5525,9.293211330148692
7,"Property Regulation, Legal & Ownership",33,93,0.7890048358360906,2029,3.4128372468546053
8,Property Management & Living,34,75,0.6362942224484601,1917,3.224449976451591
9,"Political, Geopolitical & Social Discourse",45,687,5.828455077627895,2816,4.736594227275786
10,"Communication, Content & Platform Behaviour",23,90,0.7635530669381522,1216,2.0453475072327256
