domain_id,domain,platform,week,count,eligible_records,topic_assigned_records,share_all,share_assigned,topic_coverage,share_unique
1,Property Market & Pricing,reddit,2026-01-05,196,2535,1299,0.07731755424063116,0.15088529638183218,0.5124260355029586,0.0783132530120482
1,Property Market & Pricing,reddit,2026-01-12,212,2589,1305,0.08188489764387795,0.16245210727969348,0.5040556199304751,0.08406374501992032
1,Property Market & Pricing,reddit,2026-01-19,207,2893,1417,0.07155202212236433,0.1460832745236415,0.4898029726927065,0.07382310984308131
1,Property Market & Pricing,reddit,2026-01-26,215,2699,1361,0.07965913301222675,0.15797207935341662,0.5042608373471656,0.07966929725667042
1,Property Market & Pricing,reddit,2026-02-02,178,2535,1230,0.07021696252465483,0.14471544715447154,0.48520710059171596,0.07183673469387755
1,Property Market & Pricing,reddit,2026-02-09,231,2821,1422,0.08188585607940446,0.16244725738396623,0.5040765685926977,0.08215707564241766
1,Property Market & Pricing,reddit,2026-02-16,261,2972,1547,0.08781965006729475,0.1687136393018746,0.5205248990578735,0.08706208810267083
1,Property Market & Pricing,reddit,2026-02-23,303,2988,1532,0.10140562248995984,0.19778067885117492,0.5127175368139224,0.10091743119266056
1,Property Market & Pricing,reddit,2026-03-02,634,4872,2257,0.1301313628899836,0.2809038546743465,0.46325944170771755,0.13220551378446116
1,Property Market & Pricing,reddit,2026-03-09,723,5164,2534,0.14000774593338497,0.28531965272296766,0.4907048799380325,0.14079778830963666
1,Property Market & Pricing,reddit,2026-03-16,610,4926,2352,0.12383272431993504,0.2593537414965986,0.4774665042630938,0.12241521918941274
1,Property Market & Pricing,reddit,2026-03-23,507,5018,2379,0.10103626943005181,0.21311475409836064,0.4740932642487047,0.10137875101378752
1,Property Market & Pricing,reddit,2026-03-30,578,4815,2382,0.12004153686396678,0.24265323257766583,0.49470404984423677,0.11883075619572124
1,Property Market & Pricing,reddit,2026-04-06,395,3764,1904,0.10494155154091392,0.20745798319327732,0.5058448459086079,0.10414394765539804
1,Property Market & Pricing,reddit,2026-04-13,232,3071,1589,0.0755454249430153,0.1460037759597231,0.5174210354933246,0.07579787234042554
1,Property Market & Pricing,reddit,2026-04-20,288,3059,1474,0.09414841451454724,0.19538670284938942,0.4818568159529258,0.09345794392523364
1,Property Market & Pricing,x,2026-01-05,49,350,209,0.14,0.23444976076555024,0.5971428571428572,0.14540059347181009
1,Property Market & Pricing,x,2026-01-12,64,421,247,0.15201900237529692,0.2591093117408907,0.5866983372921615,0.1491442542787286
1,Property Market & Pricing,x,2026-01-19,54,326,153,0.1656441717791411,0.35294117647058826,0.46932515337423314,0.16981132075471697
1,Property Market & Pricing,x,2026-01-26,34,361,137,0.09418282548476455,0.24817518248175183,0.37950138504155123,0.09142857142857143
1,Property Market & Pricing,x,2026-02-02,22,234,105,0.09401709401709402,0.20952380952380953,0.44871794871794873,0.09734513274336283
1,Property Market & Pricing,x,2026-02-09,59,389,215,0.15167095115681234,0.2744186046511628,0.5526992287917738,0.1447721179624665
1,Property Market & Pricing,x,2026-02-16,31,359,166,0.08635097493036212,0.18674698795180722,0.4623955431754875,0.08831908831908832
1,Property Market & Pricing,x,2026-02-23,113,978,428,0.11554192229038855,0.26401869158878505,0.4376278118609407,0.11770943796394485
1,Property Market & Pricing,x,2026-03-02,217,1237,486,0.17542441390460792,0.44650205761316875,0.3928860145513339,0.16749585406301823
1,Property Market & Pricing,x,2026-03-09,611,2220,961,0.27522522522522525,0.63579604578564,0.4328828828828829,0.26427879961277834
1,Property Market & Pricing,x,2026-03-16,419,1508,654,0.27785145888594165,0.6406727828746177,0.4336870026525199,0.27571728481455565
1,Property Market & Pricing,x,2026-03-23,170,711,347,0.2390998593530239,0.4899135446685879,0.4880450070323488,0.22786647314949202
1,Property Market & Pricing,x,2026-03-30,136,652,294,0.2085889570552147,0.46258503401360546,0.450920245398773,0.17868852459016393
1,Property Market & Pricing,x,2026-04-06,119,651,287,0.1827956989247312,0.4146341463414634,0.44086021505376344,0.17092651757188498
1,Property Market & Pricing,x,2026-04-13,90,509,222,0.17681728880157171,0.40540540540540543,0.4361493123772102,0.17647058823529413
1,Property Market & Pricing,x,2026-04-20,96,456,215,0.21052631578947367,0.44651162790697674,0.47149122807017546,0.19675925925925927
2,Property Investment & Finance,reddit,2026-01-05,87,2535,1299,0.03431952662721893,0.06697459584295612,0.5124260355029586,0.03333333333333333
2,Property Investment & Finance,reddit,2026-01-12,47,2589,1305,0.018153727307840865,0.03601532567049808,0.5040556199304751,0.018725099601593624
2,Property Investment & Finance,reddit,2026-01-19,69,2893,1417,0.023850674040788108,0.048694424841213835,0.4898029726927065,0.024607703281027102
2,Property Investment & Finance,reddit,2026-01-26,89,2699,1361,0.032975175991107816,0.0653930933137399,0.5042608373471656,0.03307027433295753
2,Property Investment & Finance,reddit,2026-02-02,99,2535,1230,0.03905325443786982,0.08048780487804878,0.48520710059171596,0.04040816326530612
2,Property Investment & Finance,reddit,2026-02-09,99,2821,1422,0.03509393831974477,0.06962025316455696,0.5040765685926977,0.03546869344914948
2,Property Investment & Finance,reddit,2026-02-16,87,2972,1547,0.029273216689098252,0.05623787976729153,0.5205248990578735,0.030176899063475548
2,Property Investment & Finance,reddit,2026-02-23,90,2988,1532,0.030120481927710843,0.0587467362924282,0.5127175368139224,0.030241250424736663
2,Property Investment & Finance,reddit,2026-03-02,109,4872,2257,0.022372742200328408,0.048294195835179445,0.46325944170771755,0.022556390977443608
2,Property Investment & Finance,reddit,2026-03-09,126,5164,2534,0.024399690162664602,0.049723756906077346,0.4907048799380325,0.02428909952606635
2,Property Investment & Finance,reddit,2026-03-16,131,4926,2352,0.026593585058871296,0.055697278911564625,0.4774665042630938,0.026468155500413565
2,Property Investment & Finance,reddit,2026-03-23,161,5018,2379,0.03208449581506576,0.0676754939050021,0.4740932642487047,0.03264395782643958
2,Property Investment & Finance,reddit,2026-03-30,95,4815,2382,0.01973001038421599,0.039882451721242655,0.49470404984423677,0.019911035797500528
2,Property Investment & Finance,reddit,2026-04-06,91,3764,1904,0.024176408076514347,0.04779411764705882,0.5058448459086079,0.024536532170119956
2,Property Investment & Finance,reddit,2026-04-13,47,3071,1589,0.015304461087593618,0.02957835116425425,0.5174210354933246,0.015292553191489361
2,Property Investment & Finance,reddit,2026-04-20,61,3059,1474,0.019941157240928407,0.041383989145183174,0.4818568159529258,0.019692923898531375
2,Property Investment & Finance,x,2026-01-05,48,350,209,0.13714285714285715,0.22966507177033493,0.5971428571428572,0.12166172106824925
2,Property Investment & Finance,x,2026-01-12,8,421,247,0.019002375296912115,0.032388663967611336,0.5866983372921615,0.019559902200488997
2,Property Investment & Finance,x,2026-01-19,13,326,153,0.03987730061349693,0.08496732026143791,0.46932515337423314,0.040880503144654086
2,Property Investment & Finance,x,2026-01-26,12,361,137,0.0332409972299169,0.08759124087591241,0.37950138504155123,0.03428571428571429
2,Property Investment & Finance,x,2026-02-02,19,234,105,0.0811965811965812,0.18095238095238095,0.44871794871794873,0.07964601769911504
2,Property Investment & Finance,x,2026-02-09,22,389,215,0.056555269922879174,0.10232558139534884,0.5526992287917738,0.058981233243967826
2,Property Investment & Finance,x,2026-02-16,27,359,166,0.07520891364902507,0.16265060240963855,0.4623955431754875,0.07692307692307693
2,Property Investment & Finance,x,2026-02-23,93,978,428,0.0950920245398773,0.21728971962616822,0.4376278118609407,0.09225874867444327
2,Property Investment & Finance,x,2026-03-02,70,1237,486,0.056588520614389654,0.1440329218106996,0.3928860145513339,0.05721393034825871
2,Property Investment & Finance,x,2026-03-09,115,2220,961,0.0518018018018018,0.11966701352757544,0.4328828828828829,0.047918683446272994
2,Property Investment & Finance,x,2026-03-16,65,1508,654,0.04310344827586207,0.09938837920489296,0.4336870026525199,0.04478656403079076
2,Property Investment & Finance,x,2026-03-23,71,711,347,0.09985935302390998,0.20461095100864554,0.4880450070323488,0.10159651669085631
2,Property Investment & Finance,x,2026-03-30,48,652,294,0.0736196319018405,0.16326530612244897,0.450920245398773,0.07704918032786885
2,Property Investment & Finance,x,2026-04-06,43,651,287,0.06605222734254992,0.14982578397212543,0.44086021505376344,0.06869009584664537
2,Property Investment & Finance,x,2026-04-13,17,509,222,0.03339882121807466,0.07657657657657657,0.4361493123772102,0.03571428571428571
2,Property Investment & Finance,x,2026-04-20,16,456,215,0.03508771929824561,0.07441860465116279,0.47149122807017546,0.037037037037037035
3,Developers & Property Projects,reddit,2026-01-05,261,2535,1299,0.10295857988165681,0.20092378752886836,0.5124260355029586,0.10441767068273092
3,Developers & Property Projects,reddit,2026-01-12,208,2589,1305,0.08033989957512554,0.15938697318007664,0.5040556199304751,0.08207171314741035
3,Developers & Property Projects,reddit,2026-01-19,218,2893,1417,0.07535430349118562,0.15384615384615385,0.4898029726927065,0.07738944365192582
3,Developers & Property Projects,reddit,2026-01-26,231,2699,1361,0.08558725453871804,0.16972814107274062,0.5042608373471656,0.08605787298008268
3,Developers & Property Projects,reddit,2026-02-02,183,2535,1230,0.07218934911242604,0.14878048780487804,0.48520710059171596,0.0746938775510204
3,Developers & Property Projects,reddit,2026-02-09,208,2821,1422,0.07373271889400922,0.14627285513361463,0.5040765685926977,0.0749185667752443
3,Developers & Property Projects,reddit,2026-02-16,273,2972,1547,0.09185733512786003,0.17647058823529413,0.5205248990578735,0.09434616718695803
3,Developers & Property Projects,reddit,2026-02-23,195,2988,1532,0.06526104417670683,0.1272845953002611,0.5127175368139224,0.06591913013931362
3,Developers & Property Projects,reddit,2026-03-02,233,4872,2257,0.04782430213464696,0.10323438192290652,0.46325944170771755,0.04845446950710108
3,Developers & Property Projects,reddit,2026-03-09,306,5164,2534,0.0592563903950426,0.12075769534333071,0.4907048799380325,0.06003159557661927
3,Developers & Property Projects,reddit,2026-03-16,208,4926,2352,0.042224928948436866,0.08843537414965986,0.4774665042630938,0.043010752688172046
3,Developers & Property Projects,reddit,2026-03-23,288,5018,2379,0.05739338381825428,0.1210592686002522,0.4740932642487047,0.05778588807785888
3,Developers & Property Projects,reddit,2026-03-30,232,4815,2382,0.04818276220145379,0.09739714525608732,0.49470404984423677,0.04829485278542681
3,Developers & Property Projects,reddit,2026-04-06,178,3764,1904,0.04729011689691817,0.0934873949579832,0.5058448459086079,0.04770992366412214
3,Developers & Property Projects,reddit,2026-04-13,181,3071,1589,0.058938456528817976,0.11390811831340465,0.5174210354933246,0.06017287234042553
3,Developers & Property Projects,reddit,2026-04-20,156,3059,1474,0.05099705786204642,0.10583446404341927,0.4818568159529258,0.050734312416555405
3,Developers & Property Projects,x,2026-01-05,94,350,209,0.26857142857142857,0.44976076555023925,0.5971428571428572,0.27596439169139464
3,Developers & Property Projects,x,2026-01-12,159,421,247,0.37767220902612825,0.6437246963562753,0.5866983372921615,0.3740831295843521
3,Developers & Property Projects,x,2026-01-19,77,326,153,0.2361963190184049,0.5032679738562091,0.46932515337423314,0.2358490566037736
3,Developers & Property Projects,x,2026-01-26,62,361,137,0.17174515235457063,0.45255474452554745,0.37950138504155123,0.17714285714285713
3,Developers & Property Projects,x,2026-02-02,30,234,105,0.1282051282051282,0.2857142857142857,0.44871794871794873,0.12831858407079647
3,Developers & Property Projects,x,2026-02-09,86,389,215,0.2210796915167095,0.4,0.5526992287917738,0.2225201072386059
3,Developers & Property Projects,x,2026-02-16,61,359,166,0.16991643454038996,0.3674698795180723,0.4623955431754875,0.17094017094017094
3,Developers & Property Projects,x,2026-02-23,75,978,428,0.07668711656441718,0.17523364485981308,0.4376278118609407,0.0784729586426299
3,Developers & Property Projects,x,2026-03-02,118,1237,486,0.09539207760711399,0.24279835390946503,0.3928860145513339,0.08955223880597014
3,Developers & Property Projects,x,2026-03-09,136,2220,961,0.06126126126126126,0.14151925078043703,0.4328828828828829,0.061955469506292354
3,Developers & Property Projects,x,2026-03-16,147,1508,654,0.09748010610079576,0.22477064220183487,0.4336870026525199,0.10076976906927922
3,Developers & Property Projects,x,2026-03-23,90,711,347,0.12658227848101267,0.25936599423631124,0.4880450070323488,0.1262699564586357
3,Developers & Property Projects,x,2026-03-30,53,652,294,0.08128834355828221,0.18027210884353742,0.450920245398773,0.08524590163934426
3,Developers & Property Projects,x,2026-04-06,59,651,287,0.09062980030721966,0.20557491289198607,0.44086021505376344,0.08626198083067092
3,Developers & Property Projects,x,2026-04-13,86,509,222,0.16895874263261296,0.38738738738738737,0.4361493123772102,0.16806722689075632
3,Developers & Property Projects,x,2026-04-20,92,456,215,0.20175438596491227,0.42790697674418604,0.47149122807017546,0.19907407407407407
4,Property Locations & Characteristics,reddit,2026-01-05,276,2535,1299,0.10887573964497041,0.21247113163972287,0.5124260355029586,0.10963855421686747
4,Property Locations & Characteristics,reddit,2026-01-12,296,2589,1305,0.11432985708767864,0.2268199233716475,0.5040556199304751,0.10956175298804781
4,Property Locations & Characteristics,reddit,2026-01-19,316,2893,1417,0.10922917386795714,0.22300635144671843,0.4898029726927065,0.10734664764621969
4,Property Locations & Characteristics,reddit,2026-01-26,315,2699,1361,0.11670989255279733,0.23144746509919176,0.5042608373471656,0.1176249530251785
4,Property Locations & Characteristics,reddit,2026-02-02,314,2535,1230,0.12386587771203156,0.2552845528455285,0.48520710059171596,0.11428571428571428
4,Property Locations & Characteristics,reddit,2026-02-09,329,2821,1422,0.11662531017369727,0.23136427566807313,0.5040765685926977,0.11255881288454578
4,Property Locations & Characteristics,reddit,2026-02-16,373,2972,1547,0.12550471063257065,0.24111182934712347,0.5205248990578735,0.12729795352063822
4,Property Locations & Characteristics,reddit,2026-02-23,315,2988,1532,0.10542168674698796,0.2056135770234987,0.5127175368139224,0.10499490316004077
4,Property Locations & Characteristics,reddit,2026-03-02,260,4872,2257,0.053366174055829226,0.11519716437749225,0.46325944170771755,0.05304928989139515
4,Property Locations & Characteristics,reddit,2026-03-09,391,5164,2534,0.07571649883810999,0.15430149960536702,0.4907048799380325,0.0764218009478673
4,Property Locations & Characteristics,reddit,2026-03-16,339,4926,2352,0.06881851400730817,0.1441326530612245,0.4774665042630938,0.0684449958643507
4,Property Locations & Characteristics,reddit,2026-03-23,344,5018,2379,0.0685532084495815,0.14459857082807903,0.4740932642487047,0.06853203568532036
4,Property Locations & Characteristics,reddit,2026-03-30,381,4815,2382,0.07912772585669782,0.15994962216624686,0.49470404984423677,0.07922050413048083
4,Property Locations & Characteristics,reddit,2026-04-06,380,3764,1904,0.10095642933049948,0.19957983193277312,0.5058448459086079,0.10141766630316248
4,Property Locations & Characteristics,reddit,2026-04-13,361,3071,1589,0.11755128622598503,0.22718691000629326,0.5174210354933246,0.11901595744680851
4,Property Locations & Characteristics,reddit,2026-04-20,315,3059,1474,0.10297482837528604,0.21370420624151967,0.4818568159529258,0.10447263017356476
4,Property Locations & Characteristics,x,2026-01-05,8,350,209,0.022857142857142857,0.03827751196172249,0.5971428571428572,0.02373887240356083
4,Property Locations & Characteristics,x,2026-01-12,4,421,247,0.009501187648456057,0.016194331983805668,0.5866983372921615,0.009779951100244499
4,Property Locations & Characteristics,x,2026-01-19,7,326,153,0.02147239263803681,0.0457516339869281,0.46932515337423314,0.0220125786163522
4,Property Locations & Characteristics,x,2026-01-26,8,361,137,0.0221606648199446,0.058394160583941604,0.37950138504155123,0.022857142857142857
4,Property Locations & Characteristics,x,2026-02-02,4,234,105,0.017094017094017096,0.0380952380952381,0.44871794871794873,0.017699115044247787
4,Property Locations & Characteristics,x,2026-02-09,10,389,215,0.02570694087403599,0.046511627906976744,0.5526992287917738,0.024128686327077747
4,Property Locations & Characteristics,x,2026-02-16,4,359,166,0.011142061281337047,0.024096385542168676,0.4623955431754875,0.011396011396011397
4,Property Locations & Characteristics,x,2026-02-23,11,978,428,0.011247443762781187,0.02570093457943925,0.4376278118609407,0.01166489925768823
4,Property Locations & Characteristics,x,2026-03-02,16,1237,486,0.012934518997574777,0.03292181069958848,0.3928860145513339,0.013266998341625208
4,Property Locations & Characteristics,x,2026-03-09,17,2220,961,0.0076576576576576575,0.01768990634755463,0.4328828828828829,0.007744433688286544
4,Property Locations & Characteristics,x,2026-03-16,8,1508,654,0.005305039787798408,0.012232415902140673,0.4336870026525199,0.005598320503848845
4,Property Locations & Characteristics,x,2026-03-23,13,711,347,0.01828410689170183,0.037463976945244955,0.4880450070323488,0.01741654571843251
4,Property Locations & Characteristics,x,2026-03-30,10,652,294,0.015337423312883436,0.034013605442176874,0.450920245398773,0.014754098360655738
4,Property Locations & Characteristics,x,2026-04-06,23,651,287,0.03533026113671275,0.08013937282229965,0.44086021505376344,0.02875399361022364
4,Property Locations & Characteristics,x,2026-04-13,17,509,222,0.03339882121807466,0.07657657657657657,0.4361493123772102,0.025210084033613446
4,Property Locations & Characteristics,x,2026-04-20,11,456,215,0.02412280701754386,0.05116279069767442,0.47149122807017546,0.023148148148148147
5,Rental & Tenancy,reddit,2026-01-05,86,2535,1299,0.033925049309664695,0.06620477290223249,0.5124260355029586,0.03413654618473896
5,Rental & Tenancy,reddit,2026-01-12,79,2589,1305,0.030513711857860178,0.06053639846743295,0.5040556199304751,0.03147410358565737
5,Rental & Tenancy,reddit,2026-01-19,84,2893,1417,0.029035603180089874,0.059280169371912494,0.4898029726927065,0.029600570613409417
5,Rental & Tenancy,reddit,2026-01-26,94,2699,1361,0.034827713968136345,0.06906686260102865,0.5042608373471656,0.03532506576475009
5,Rental & Tenancy,reddit,2026-02-02,93,2535,1230,0.036686390532544376,0.07560975609756097,0.48520710059171596,0.037959183673469385
5,Rental & Tenancy,reddit,2026-02-09,117,2821,1422,0.041474654377880185,0.08227848101265822,0.5040765685926977,0.0419833514296055
5,Rental & Tenancy,reddit,2026-02-16,82,2972,1547,0.02759084791386272,0.053005817711700064,0.5205248990578735,0.02844259451959764
5,Rental & Tenancy,reddit,2026-02-23,88,2988,1532,0.029451137884872823,0.057441253263707574,0.5127175368139224,0.029901461094121645
5,Rental & Tenancy,reddit,2026-03-02,155,4872,2257,0.0318144499178982,0.06867523260965884,0.46325944170771755,0.03195488721804511
5,Rental & Tenancy,reddit,2026-03-09,139,5164,2534,0.02691711851278079,0.05485398579321231,0.4907048799380325,0.02744865718799368
5,Rental & Tenancy,reddit,2026-03-16,140,4926,2352,0.028420625253755584,0.05952380952380952,0.4774665042630938,0.028742762613730356
5,Rental & Tenancy,reddit,2026-03-23,153,5018,2379,0.03049023515344759,0.06431273644388398,0.4740932642487047,0.030819140308191405
5,Rental & Tenancy,reddit,2026-03-30,163,4815,2382,0.03385254413291797,0.06842989084802686,0.49470404984423677,0.03452658335098496
5,Rental & Tenancy,reddit,2026-04-06,205,3764,1904,0.05446333687566419,0.10766806722689076,0.5058448459086079,0.05534351145038168
5,Rental & Tenancy,reddit,2026-04-13,136,3071,1589,0.04428524910452621,0.08558842039018251,0.5174210354933246,0.04454787234042553
5,Rental & Tenancy,reddit,2026-04-20,105,3059,1474,0.034324942791762014,0.07123473541383989,0.4818568159529258,0.033711615487316424
5,Rental & Tenancy,x,2026-01-05,11,350,209,0.03142857142857143,0.05263157894736842,0.5971428571428572,0.032640949554896145
5,Rental & Tenancy,x,2026-01-12,9,421,247,0.021377672209026127,0.03643724696356275,0.5866983372921615,0.019559902200488997
5,Rental & Tenancy,x,2026-01-19,6,326,153,0.018404907975460124,0.0392156862745098,0.46932515337423314,0.018867924528301886
5,Rental & Tenancy,x,2026-01-26,13,361,137,0.036011080332409975,0.0948905109489051,0.37950138504155123,0.037142857142857144
5,Rental & Tenancy,x,2026-02-02,9,234,105,0.038461538461538464,0.08571428571428572,0.44871794871794873,0.03982300884955752
5,Rental & Tenancy,x,2026-02-09,8,389,215,0.02056555269922879,0.037209302325581395,0.5526992287917738,0.021447721179624665
5,Rental & Tenancy,x,2026-02-16,17,359,166,0.04735376044568245,0.10240963855421686,0.4623955431754875,0.04843304843304843
5,Rental & Tenancy,x,2026-02-23,19,978,428,0.019427402862985686,0.04439252336448598,0.4376278118609407,0.02014846235418876
5,Rental & Tenancy,x,2026-03-02,15,1237,486,0.012126111560226353,0.030864197530864196,0.3928860145513339,0.012437810945273632
5,Rental & Tenancy,x,2026-03-09,34,2220,961,0.015315315315315315,0.03537981269510926,0.4328828828828829,0.014036786060019362
5,Rental & Tenancy,x,2026-03-16,23,1508,654,0.015251989389920425,0.035168195718654434,0.4336870026525199,0.01609517144856543
5,Rental & Tenancy,x,2026-03-23,9,711,347,0.012658227848101266,0.025936599423631124,0.4880450070323488,0.011611030478955007
5,Rental & Tenancy,x,2026-03-30,16,652,294,0.024539877300613498,0.05442176870748299,0.450920245398773,0.02622950819672131
5,Rental & Tenancy,x,2026-04-06,13,651,287,0.019969278033794162,0.04529616724738676,0.44086021505376344,0.020766773162939296
5,Rental & Tenancy,x,2026-04-13,17,509,222,0.03339882121807466,0.07657657657657657,0.4361493123772102,0.03571428571428571
5,Rental & Tenancy,x,2026-04-20,9,456,215,0.019736842105263157,0.04186046511627907,0.47149122807017546,0.020833333333333332
6,Property Transactions & Professional Services,reddit,2026-01-05,265,2535,1299,0.10453648915187377,0.2040030792917629,0.5124260355029586,0.10441767068273092
6,Property Transactions & Professional Services,reddit,2026-01-12,339,2589,1305,0.13093858632676708,0.2597701149425287,0.5040556199304751,0.1294820717131474
6,Property Transactions & Professional Services,reddit,2026-01-19,327,2893,1417,0.11303145523677843,0.23076923076923078,0.4898029726927065,0.10770328102710414
6,Property Transactions & Professional Services,reddit,2026-01-26,273,2699,1361,0.1011485735457577,0.2005878030859662,0.5042608373471656,0.09958662157083803
6,Property Transactions & Professional Services,reddit,2026-02-02,222,2535,1230,0.08757396449704143,0.18048780487804877,0.48520710059171596,0.08775510204081632
6,Property Transactions & Professional Services,reddit,2026-02-09,281,2821,1422,0.09961006735200284,0.19760900140646975,0.5040765685926977,0.10097719869706841
6,Property Transactions & Professional Services,reddit,2026-02-16,292,2972,1547,0.09825033647375504,0.1887524240465417,0.5205248990578735,0.09920221990981616
6,Property Transactions & Professional Services,reddit,2026-02-23,276,2988,1532,0.09236947791164658,0.1801566579634465,0.5127175368139224,0.09208290859667007
6,Property Transactions & Professional Services,reddit,2026-03-02,340,4872,2257,0.06978653530377668,0.15064244572441293,0.46325944170771755,0.06934001670843776
6,Property Transactions & Professional Services,reddit,2026-03-09,419,5164,2534,0.08113865220759102,0.1653512233622731,0.4907048799380325,0.08135860979462875
6,Property Transactions & Professional Services,reddit,2026-03-16,410,4926,2352,0.0832318311002842,0.17431972789115646,0.4774665042630938,0.08416046319272126
6,Property Transactions & Professional Services,reddit,2026-03-23,377,5018,2379,0.07512953367875648,0.15846994535519127,0.4740932642487047,0.0746147607461476
6,Property Transactions & Professional Services,reddit,2026-03-30,434,4815,2382,0.090134994807892,0.18219983207388749,0.49470404984423677,0.09108239779707689
6,Property Transactions & Professional Services,reddit,2026-04-06,369,3764,1904,0.09803400637619554,0.19380252100840337,0.5058448459086079,0.09814612868047982
6,Property Transactions & Professional Services,reddit,2026-04-13,306,3071,1589,0.09964181048518397,0.19257394587791063,0.5174210354933246,0.09940159574468085
6,Property Transactions & Professional Services,reddit,2026-04-20,289,3059,1474,0.09447531873161163,0.1960651289009498,0.4818568159529258,0.09445927903871829
6,Property Transactions & Professional Services,x,2026-01-05,11,350,209,0.03142857142857143,0.05263157894736842,0.5971428571428572,0.032640949554896145
6,Property Transactions & Professional Services,x,2026-01-12,20,421,247,0.047505938242280284,0.08097165991902834,0.5866983372921615,0.0488997555012225
6,Property Transactions & Professional Services,x,2026-01-19,13,326,153,0.03987730061349693,0.08496732026143791,0.46932515337423314,0.03773584905660377
6,Property Transactions & Professional Services,x,2026-01-26,14,361,137,0.038781163434903045,0.10218978102189781,0.37950138504155123,0.037142857142857144
6,Property Transactions & Professional Services,x,2026-02-02,22,234,105,0.09401709401709402,0.20952380952380953,0.44871794871794873,0.09292035398230089
6,Property Transactions & Professional Services,x,2026-02-09,21,389,215,0.05398457583547558,0.09767441860465116,0.5526992287917738,0.05361930294906166
6,Property Transactions & Professional Services,x,2026-02-16,20,359,166,0.055710306406685235,0.12048192771084337,0.4623955431754875,0.05698005698005698
6,Property Transactions & Professional Services,x,2026-02-23,34,978,428,0.034764826175869123,0.0794392523364486,0.4376278118609407,0.033934252386002124
6,Property Transactions & Professional Services,x,2026-03-02,28,1237,486,0.02263540824575586,0.05761316872427984,0.3928860145513339,0.02321724709784411
6,Property Transactions & Professional Services,x,2026-03-09,24,2220,961,0.010810810810810811,0.02497398543184183,0.4328828828828829,0.011616650532429816
6,Property Transactions & Professional Services,x,2026-03-16,21,1508,654,0.013925729442970823,0.03211009174311927,0.4336870026525199,0.01469559132260322
6,Property Transactions & Professional Services,x,2026-03-23,24,711,347,0.03375527426160337,0.069164265129683,0.4880450070323488,0.03483309143686502
6,Property Transactions & Professional Services,x,2026-03-30,17,652,294,0.02607361963190184,0.05782312925170068,0.450920245398773,0.027868852459016394
6,Property Transactions & Professional Services,x,2026-04-06,8,651,287,0.01228878648233487,0.027874564459930314,0.44086021505376344,0.012779552715654952
6,Property Transactions & Professional Services,x,2026-04-13,10,509,222,0.019646365422396856,0.04504504504504504,0.4361493123772102,0.018907563025210083
6,Property Transactions & Professional Services,x,2026-04-20,8,456,215,0.017543859649122806,0.037209302325581395,0.47149122807017546,0.018518518518518517
7,"Property Regulation, Legal & Ownership",reddit,2026-01-05,70,2535,1299,0.027613412228796843,0.05388760585065435,0.5124260355029586,0.027710843373493974
7,"Property Regulation, Legal & Ownership",reddit,2026-01-12,80,2589,1305,0.03089996137504828,0.06130268199233716,0.5040556199304751,0.03147410358565737
7,"Property Regulation, Legal & Ownership",reddit,2026-01-19,71,2893,1417,0.024541997926028344,0.05010585744530699,0.4898029726927065,0.025320970042796005
7,"Property Regulation, Legal & Ownership",reddit,2026-01-26,79,2699,1361,0.02927010003705076,0.05804555473916238,0.5042608373471656,0.029688087185268695
7,"Property Regulation, Legal & Ownership",reddit,2026-02-02,84,2535,1230,0.033136094674556214,0.06829268292682927,0.48520710059171596,0.03346938775510204
7,"Property Regulation, Legal & Ownership",reddit,2026-02-09,102,2821,1422,0.03615739099610067,0.07172995780590717,0.5040765685926977,0.03655446977922548
7,"Property Regulation, Legal & Ownership",reddit,2026-02-16,100,2972,1547,0.033647375504710635,0.06464124111182935,0.5205248990578735,0.03399236906000694
7,"Property Regulation, Legal & Ownership",reddit,2026-02-23,107,2988,1532,0.035809906291834004,0.06984334203655353,0.5127175368139224,0.036357458375807
7,"Property Regulation, Legal & Ownership",reddit,2026-03-02,184,4872,2257,0.03776683087027915,0.0815241470979176,0.46325944170771755,0.038011695906432746
7,"Property Regulation, Legal & Ownership",reddit,2026-03-09,181,5164,2534,0.03505034856700232,0.07142857142857142,0.4907048799380325,0.035347551342812006
7,"Property Regulation, Legal & Ownership",reddit,2026-03-16,183,4926,2352,0.03714981729598051,0.0778061224489796,0.4774665042630938,0.03784119106699752
7,"Property Regulation, Legal & Ownership",reddit,2026-03-23,161,5018,2379,0.03208449581506576,0.0676754939050021,0.4740932642487047,0.03223844282238443
7,"Property Regulation, Legal & Ownership",reddit,2026-03-30,177,4815,2382,0.0367601246105919,0.0743073047858942,0.49470404984423677,0.036856598178352046
7,"Property Regulation, Legal & Ownership",reddit,2026-04-06,121,3764,1904,0.032146652497343255,0.06355042016806722,0.5058448459086079,0.03271537622682661
7,"Property Regulation, Legal & Ownership",reddit,2026-04-13,147,3071,1589,0.04786714425268642,0.09251101321585903,0.5174210354933246,0.047872340425531915
7,"Property Regulation, Legal & Ownership",reddit,2026-04-20,104,3059,1474,0.03399803857469761,0.07055630936227951,0.4818568159529258,0.03437917222963952
7,"Property Regulation, Legal & Ownership",x,2026-01-05,10,350,209,0.02857142857142857,0.04784688995215311,0.5971428571428572,0.02967359050445104
7,"Property Regulation, Legal & Ownership",x,2026-01-12,7,421,247,0.0166270783847981,0.02834008097165992,0.5866983372921615,0.014669926650366748
7,"Property Regulation, Legal & Ownership",x,2026-01-19,6,326,153,0.018404907975460124,0.0392156862745098,0.46932515337423314,0.018867924528301886
7,"Property Regulation, Legal & Ownership",x,2026-01-26,5,361,137,0.013850415512465374,0.0364963503649635,0.37950138504155123,0.014285714285714285
7,"Property Regulation, Legal & Ownership",x,2026-02-02,5,234,105,0.021367521367521368,0.047619047619047616,0.44871794871794873,0.022123893805309734
7,"Property Regulation, Legal & Ownership",x,2026-02-09,3,389,215,0.007712082262210797,0.013953488372093023,0.5526992287917738,0.00804289544235925
7,"Property Regulation, Legal & Ownership",x,2026-02-16,1,359,166,0.002785515320334262,0.006024096385542169,0.4623955431754875,0.002849002849002849
7,"Property Regulation, Legal & Ownership",x,2026-02-23,4,978,428,0.00408997955010225,0.009345794392523364,0.4376278118609407,0.0042417815482502655
7,"Property Regulation, Legal & Ownership",x,2026-03-02,7,1237,486,0.005658852061438965,0.01440329218106996,0.3928860145513339,0.005804311774461028
7,"Property Regulation, Legal & Ownership",x,2026-03-09,7,2220,961,0.003153153153153153,0.007284079084287201,0.4328828828828829,0.003388189738625363
7,"Property Regulation, Legal & Ownership",x,2026-03-16,2,1508,654,0.001326259946949602,0.0030581039755351682,0.4336870026525199,0.0013995801259622112
7,"Property Regulation, Legal & Ownership",x,2026-03-23,1,711,347,0.0014064697609001407,0.002881844380403458,0.4880450070323488,0.001451378809869376
7,"Property Regulation, Legal & Ownership",x,2026-03-30,6,652,294,0.009202453987730062,0.02040816326530612,0.450920245398773,0.009836065573770493
7,"Property Regulation, Legal & Ownership",x,2026-04-06,7,651,287,0.010752688172043012,0.024390243902439025,0.44086021505376344,0.011182108626198083
7,"Property Regulation, Legal & Ownership",x,2026-04-13,6,509,222,0.011787819253438114,0.02702702702702703,0.4361493123772102,0.012605042016806723
7,"Property Regulation, Legal & Ownership",x,2026-04-20,8,456,215,0.017543859649122806,0.037209302325581395,0.47149122807017546,0.018518518518518517
8,Property Management & Living,reddit,2026-01-05,53,2535,1299,0.020907297830374753,0.04080061585835258,0.5124260355029586,0.021285140562248995
8,Property Management & Living,reddit,2026-01-12,55,2589,1305,0.021243723445345693,0.0421455938697318,0.5040556199304751,0.021912350597609563
8,Property Management & Living,reddit,2026-01-19,91,2893,1417,0.03145523677843069,0.06422018348623854,0.4898029726927065,0.03245363766048502
8,Property Management & Living,reddit,2026-01-26,97,2699,1361,0.03593923675435346,0.07127112417340191,0.5042608373471656,0.036452461480646375
8,Property Management & Living,reddit,2026-02-02,93,2535,1230,0.036686390532544376,0.07560975609756097,0.48520710059171596,0.037551020408163265
8,Property Management & Living,reddit,2026-02-09,89,2821,1422,0.031549096065225095,0.06258790436005626,0.5040765685926977,0.031849439015562794
8,Property Management & Living,reddit,2026-02-16,92,2972,1547,0.03095558546433378,0.059469941822882996,0.5205248990578735,0.031217481789802288
8,Property Management & Living,reddit,2026-02-23,99,2988,1532,0.03313253012048193,0.06462140992167102,0.5127175368139224,0.03363914373088685
8,Property Management & Living,reddit,2026-03-02,180,4872,2257,0.03694581280788178,0.07975188303057155,0.46325944170771755,0.03759398496240601
8,Property Management & Living,reddit,2026-03-09,114,5164,2534,0.022075910147172733,0.04498816101026046,0.4907048799380325,0.022116903633491312
8,Property Management & Living,reddit,2026-03-16,150,4926,2352,0.030450669914738125,0.06377551020408163,0.4774665042630938,0.031017369727047148
8,Property Management & Living,reddit,2026-03-23,212,5018,2379,0.04224790753288163,0.0891130727196301,0.4740932642487047,0.04257907542579075
8,Property Management & Living,reddit,2026-03-30,202,4815,2382,0.04195223260643821,0.08480268681780016,0.49470404984423677,0.042152086422368146
8,Property Management & Living,reddit,2026-04-06,113,3764,1904,0.03002125398512221,0.05934873949579832,0.5058448459086079,0.030806979280261722
8,Property Management & Living,reddit,2026-04-13,102,3071,1589,0.03321393682839466,0.06419131529263687,0.5174210354933246,0.03291223404255319
8,Property Management & Living,reddit,2026-04-20,83,3059,1474,0.027133050016345212,0.056309362279511534,0.4818568159529258,0.027703604806408544
8,Property Management & Living,x,2026-01-05,1,350,209,0.002857142857142857,0.004784688995215311,0.5971428571428572,0.002967359050445104
8,Property Management & Living,x,2026-01-12,1,421,247,0.0023752969121140144,0.004048582995951417,0.5866983372921615,0.0024449877750611247
8,Property Management & Living,x,2026-01-19,3,326,153,0.009202453987730062,0.0196078431372549,0.46932515337423314,0.009433962264150943
8,Property Management & Living,x,2026-01-26,4,361,137,0.0110803324099723,0.029197080291970802,0.37950138504155123,0.011428571428571429
8,Property Management & Living,x,2026-02-02,1,234,105,0.004273504273504274,0.009523809523809525,0.44871794871794873,0.004424778761061947
8,Property Management & Living,x,2026-02-09,3,389,215,0.007712082262210797,0.013953488372093023,0.5526992287917738,0.00804289544235925
8,Property Management & Living,x,2026-02-16,9,359,166,0.025069637883008356,0.05421686746987952,0.4623955431754875,0.02564102564102564
8,Property Management & Living,x,2026-02-23,7,978,428,0.007157464212678937,0.016355140186915886,0.4376278118609407,0.007423117709437964
8,Property Management & Living,x,2026-03-02,7,1237,486,0.005658852061438965,0.01440329218106996,0.3928860145513339,0.005804311774461028
8,Property Management & Living,x,2026-03-09,12,2220,961,0.005405405405405406,0.012486992715920915,0.4328828828828829,0.00484027105517909
8,Property Management & Living,x,2026-03-16,10,1508,654,0.006631299734748011,0.01529051987767584,0.4336870026525199,0.006997900629811057
8,Property Management & Living,x,2026-03-23,6,711,347,0.008438818565400843,0.01729106628242075,0.4880450070323488,0.00725689404934688
8,Property Management & Living,x,2026-03-30,3,652,294,0.004601226993865031,0.01020408163265306,0.450920245398773,0.004918032786885246
8,Property Management & Living,x,2026-04-06,5,651,287,0.007680491551459293,0.017421602787456445,0.44086021505376344,0.007987220447284345
8,Property Management & Living,x,2026-04-13,2,509,222,0.003929273084479371,0.009009009009009009,0.4361493123772102,0.004201680672268907
8,Property Management & Living,x,2026-04-20,0,456,215,0.0,0.0,0.47149122807017546,0.0
9,"Political, Geopolitical & Social Discourse",reddit,2026-01-05,87,2535,1299,0.03431952662721893,0.06697459584295612,0.5124260355029586,0.028112449799196786
9,"Political, Geopolitical & Social Discourse",reddit,2026-01-12,88,2589,1305,0.03398995751255311,0.06743295019157088,0.5040556199304751,0.03266932270916335
9,"Political, Geopolitical & Social Discourse",reddit,2026-01-19,107,2893,1417,0.03698582786035257,0.07551164431898377,0.4898029726927065,0.029957203994293864
9,"Political, Geopolitical & Social Discourse",reddit,2026-01-26,93,2699,1361,0.03445720637273064,0.0683321087435709,0.5042608373471656,0.027433295753476136
9,"Political, Geopolitical & Social Discourse",reddit,2026-02-02,81,2535,1230,0.03195266272189349,0.06585365853658537,0.48520710059171596,0.025306122448979593
9,"Political, Geopolitical & Social Discourse",reddit,2026-02-09,104,2821,1422,0.03686635944700461,0.07313642756680731,0.5040765685926977,0.03040173724212812
9,"Political, Geopolitical & Social Discourse",reddit,2026-02-16,100,2972,1547,0.033647375504710635,0.06464124111182935,0.5205248990578735,0.02428026361429067
9,"Political, Geopolitical & Social Discourse",reddit,2026-02-23,158,2988,1532,0.05287817938420348,0.1031331592689295,0.5127175368139224,0.048250084947332655
9,"Political, Geopolitical & Social Discourse",reddit,2026-03-02,301,4872,2257,0.0617816091954023,0.1333628710677891,0.46325944170771755,0.05555555555555555
9,"Political, Geopolitical & Social Discourse",reddit,2026-03-09,279,5164,2534,0.0540278853601859,0.1101026045777427,0.4907048799380325,0.046800947867298576
9,"Political, Geopolitical & Social Discourse",reddit,2026-03-16,308,4926,2352,0.06252537555826228,0.13095238095238096,0.4774665042630938,0.05583126550868486
9,"Political, Geopolitical & Social Discourse",reddit,2026-03-23,283,5018,2379,0.056396970904742924,0.11895754518705338,0.4740932642487047,0.05048661800486618
9,"Political, Geopolitical & Social Discourse",reddit,2026-03-30,242,4815,2382,0.050259605399792316,0.1015952980688497,0.49470404984423677,0.04469392077949587
9,"Political, Geopolitical & Social Discourse",reddit,2026-04-06,191,3764,1904,0.05074388947927736,0.10031512605042017,0.5058448459086079,0.0430752453653217
9,"Political, Geopolitical & Social Discourse",reddit,2026-04-13,156,3071,1589,0.05079778573754477,0.09817495280050346,0.5174210354933246,0.041223404255319146
9,"Political, Geopolitical & Social Discourse",reddit,2026-04-20,137,3059,1474,0.04478587773782282,0.09294436906377204,0.4818568159529258,0.038050734312416554
9,"Political, Geopolitical & Social Discourse",x,2026-01-05,13,350,209,0.037142857142857144,0.06220095693779904,0.5971428571428572,0.03857566765578635
9,"Political, Geopolitical & Social Discourse",x,2026-01-12,14,421,247,0.0332541567695962,0.05668016194331984,0.5866983372921615,0.03178484107579462
9,"Political, Geopolitical & Social Discourse",x,2026-01-19,7,326,153,0.02147239263803681,0.0457516339869281,0.46932515337423314,0.0220125786163522
9,"Political, Geopolitical & Social Discourse",x,2026-01-26,5,361,137,0.013850415512465374,0.0364963503649635,0.37950138504155123,0.014285714285714285
9,"Political, Geopolitical & Social Discourse",x,2026-02-02,8,234,105,0.03418803418803419,0.0761904761904762,0.44871794871794873,0.035398230088495575
9,"Political, Geopolitical & Social Discourse",x,2026-02-09,44,389,215,0.11311053984575835,0.20465116279069767,0.5526992287917738,0.10991957104557641
9,"Political, Geopolitical & Social Discourse",x,2026-02-16,14,359,166,0.03899721448467967,0.08433734939759036,0.4623955431754875,0.039886039886039885
9,"Political, Geopolitical & Social Discourse",x,2026-02-23,101,978,428,0.1032719836400818,0.23598130841121495,0.4376278118609407,0.10286320254506894
9,"Political, Geopolitical & Social Discourse",x,2026-03-02,101,1237,486,0.08164915117219078,0.20781893004115226,0.3928860145513339,0.08291873963515754
9,"Political, Geopolitical & Social Discourse",x,2026-03-09,129,2220,961,0.05810810810810811,0.13423517169614985,0.4328828828828829,0.05808325266214908
9,"Political, Geopolitical & Social Discourse",x,2026-03-16,91,1508,654,0.0603448275862069,0.13914373088685014,0.4336870026525199,0.05598320503848846
9,"Political, Geopolitical & Social Discourse",x,2026-03-23,27,711,347,0.0379746835443038,0.07780979827089338,0.4880450070323488,0.03918722786647315
9,"Political, Geopolitical & Social Discourse",x,2026-03-30,33,652,294,0.05061349693251534,0.11224489795918367,0.450920245398773,0.05245901639344262
9,"Political, Geopolitical & Social Discourse",x,2026-04-06,44,651,287,0.06758832565284179,0.15331010452961671,0.44086021505376344,0.07028753993610223
9,"Political, Geopolitical & Social Discourse",x,2026-04-13,11,509,222,0.021611001964636542,0.04954954954954955,0.4361493123772102,0.023109243697478993
9,"Political, Geopolitical & Social Discourse",x,2026-04-20,11,456,215,0.02412280701754386,0.05116279069767442,0.47149122807017546,0.02546296296296296
10,"Communication, Content & Platform Behaviour",reddit,2026-01-05,38,2535,1299,0.014990138067061143,0.029253271747498075,0.5124260355029586,0.014859437751004016
10,"Communication, Content & Platform Behaviour",reddit,2026-01-12,43,2589,1305,0.01660872923908845,0.03295019157088123,0.5040556199304751,0.017131474103585658
10,"Communication, Content & Platform Behaviour",reddit,2026-01-19,46,2893,1417,0.015900449360525405,0.032462949894142556,0.4898029726927065,0.016048502139800285
10,"Communication, Content & Platform Behaviour",reddit,2026-01-26,52,2699,1361,0.0192663949610967,0.03820720058780309,0.5042608373471656,0.01954152574220218
10,"Communication, Content & Platform Behaviour",reddit,2026-02-02,35,2535,1230,0.013806706114398421,0.028455284552845527,0.48520710059171596,0.014285714285714285
10,"Communication, Content & Platform Behaviour",reddit,2026-02-09,49,2821,1422,0.017369727047146403,0.034458509142053444,0.5040765685926977,0.01773434672457474
10,"Communication, Content & Platform Behaviour",reddit,2026-02-16,41,2972,1547,0.01379542395693136,0.026502908855850032,0.5205248990578735,0.01422129725979882
10,"Communication, Content & Platform Behaviour",reddit,2026-02-23,52,2988,1532,0.01740294511378849,0.033942558746736295,0.5127175368139224,0.017329255861365953
10,"Communication, Content & Platform Behaviour",reddit,2026-03-02,117,4872,2257,0.02401477832512315,0.05183872396987151,0.46325944170771755,0.02422723475355054
10,"Communication, Content & Platform Behaviour",reddit,2026-03-09,140,5164,2534,0.027110766847405113,0.055248618784530384,0.4907048799380325,0.02744865718799368
10,"Communication, Content & Platform Behaviour",reddit,2026-03-16,114,4926,2352,0.023142509135200974,0.04846938775510204,0.4774665042630938,0.02336641852770885
10,"Communication, Content & Platform Behaviour",reddit,2026-03-23,146,5018,2379,0.029095257074531686,0.06137032366540563,0.4740932642487047,0.02939983779399838
10,"Communication, Content & Platform Behaviour",reddit,2026-03-30,112,4815,2382,0.023260643821391484,0.047019311502938706,0.49470404984423677,0.02308832874391019
10,"Communication, Content & Platform Behaviour",reddit,2026-04-06,65,3764,1904,0.01726886291179596,0.03413865546218487,0.5058448459086079,0.01772082878953108
10,"Communication, Content & Platform Behaviour",reddit,2026-04-13,46,3071,1589,0.014978834255942689,0.0289490245437382,0.5174210354933246,0.015292553191489361
10,"Communication, Content & Platform Behaviour",reddit,2026-04-20,70,3059,1474,0.02288329519450801,0.04748982360922659,0.4818568159529258,0.022363150867823766
10,"Communication, Content & Platform Behaviour",x,2026-01-05,3,350,209,0.008571428571428572,0.014354066985645933,0.5971428571428572,0.008902077151335312
10,"Communication, Content & Platform Behaviour",x,2026-01-12,3,421,247,0.007125890736342043,0.012145748987854251,0.5866983372921615,0.007334963325183374
10,"Communication, Content & Platform Behaviour",x,2026-01-19,2,326,153,0.006134969325153374,0.013071895424836602,0.46932515337423314,0.006289308176100629
10,"Communication, Content & Platform Behaviour",x,2026-01-26,0,361,137,0.0,0.0,0.37950138504155123,0.0
10,"Communication, Content & Platform Behaviour",x,2026-02-02,1,234,105,0.004273504273504274,0.009523809523809525,0.44871794871794873,0.004424778761061947
10,"Communication, Content & Platform Behaviour",x,2026-02-09,1,389,215,0.002570694087403599,0.004651162790697674,0.5526992287917738,0.002680965147453083
10,"Communication, Content & Platform Behaviour",x,2026-02-16,2,359,166,0.005571030640668524,0.012048192771084338,0.4623955431754875,0.005698005698005698
10,"Communication, Content & Platform Behaviour",x,2026-02-23,12,978,428,0.012269938650306749,0.028037383177570093,0.4376278118609407,0.012725344644750796
10,"Communication, Content & Platform Behaviour",x,2026-03-02,21,1237,486,0.016976556184316895,0.043209876543209874,0.3928860145513339,0.017412935323383085
10,"Communication, Content & Platform Behaviour",x,2026-03-09,10,2220,961,0.0045045045045045045,0.01040582726326743,0.4328828828828829,0.00484027105517909
10,"Communication, Content & Platform Behaviour",x,2026-03-16,16,1508,654,0.010610079575596816,0.024464831804281346,0.4336870026525199,0.01119664100769769
10,"Communication, Content & Platform Behaviour",x,2026-03-23,7,711,347,0.009845288326300985,0.020172910662824207,0.4880450070323488,0.010159651669085631
10,"Communication, Content & Platform Behaviour",x,2026-03-30,2,652,294,0.003067484662576687,0.006802721088435374,0.450920245398773,0.003278688524590164
10,"Communication, Content & Platform Behaviour",x,2026-04-06,6,651,287,0.009216589861751152,0.020905923344947737,0.44086021505376344,0.009584664536741214
10,"Communication, Content & Platform Behaviour",x,2026-04-13,0,509,222,0.0,0.0,0.4361493123772102,0.0
10,"Communication, Content & Platform Behaviour",x,2026-04-20,1,456,215,0.0021929824561403508,0.004651162790697674,0.47149122807017546,0.0023148148148148147
