domain_id,platform,outcome,specification,forward_registration_lag_weeks,n,pearson_r,spearman_rho,difference_n,difference_r,leave_one_out_min,leave_one_out_max
1,x,median_sale_amount_aed,share_all,0,16,-0.2821145013431283,-0.2441176470588235,15,-0.31811317739865674,-0.4953335914312826,-0.11968565688191542
1,x,median_sale_amount_aed,share_all,1,15,0.19492442950222583,0.18928571428571428,14,0.6683225967056718,0.05279493522701107,0.28563359216245104
1,x,median_sale_amount_aed,share_all,2,14,0.11460361494477159,0.23956043956043957,13,-0.011107963770807368,0.01312009485954504,0.1991901473647965
1,x,median_sale_amount_aed,share_assigned,0,16,-0.3064466517495119,-0.36470588235294116,15,-0.11137758571049612,-0.5416763803450262,-0.13805308025423232
1,x,median_sale_amount_aed,share_assigned,1,15,0.051451173208511926,0.06071428571428571,14,0.5894500991632697,-0.1303282693168801,0.1652673217917457
1,x,median_sale_amount_aed,share_assigned,2,14,0.0036425371138747126,0.07252747252747253,13,-0.026107321588724627,-0.08488715833559853,0.15514821406133467
1,x,median_sale_amount_aed,share_unique,0,16,-0.23769956415098112,-0.2088235294117647,15,-0.25913973627839704,-0.47554473946598896,-0.06167024870638778
1,x,median_sale_amount_aed,share_unique,1,15,0.21521942922890555,0.2178571428571428,14,0.6053142825471504,0.07604103732282448,0.32544909261551624
1,x,median_sale_amount_aed,share_unique,2,14,0.13560234054614637,0.3010989010989011,13,-0.021518015063890932,0.03213991266016974,0.23844741797535124
1,x,median_sale_amount_aed,count,0,16,-0.35054150797836786,-0.4647058823529412,15,-0.21081933053353996,-0.5708537968982736,-0.06173162100599284
1,x,median_sale_amount_aed,count,1,15,0.0830015191187446,-0.035714285714285705,14,0.6266440086368389,-0.27951623157661043,0.1929344337795767
1,x,median_sale_amount_aed,count,2,14,-0.06527672754035613,0.11208791208791209,13,-0.22960573753158847,-0.1343171783612362,0.02620820310638529
1,reddit,median_sale_amount_aed,share_all,0,16,-0.48896675513698995,-0.5205882352941177,15,-0.01463055159589418,-0.6464197775374716,-0.3569550048050379
1,reddit,median_sale_amount_aed,share_all,1,15,-0.19548210915283604,-0.16785714285714282,14,0.23846671537348196,-0.446266254101017,-0.0405544701661026
1,reddit,median_sale_amount_aed,share_all,2,14,-0.08278432596377254,-0.14285714285714285,13,0.06329433637963372,-0.272400381013133,0.045494460012584566
1,reddit,median_sale_amount_aed,share_assigned,0,16,-0.4693080473346055,-0.4647058823529412,15,0.014088965849039958,-0.6354992722131224,-0.3411501710697071
1,reddit,median_sale_amount_aed,share_assigned,1,15,-0.21116945964757852,-0.13214285714285715,14,0.1065593245663002,-0.44311626154625683,-0.030540195802532578
1,reddit,median_sale_amount_aed,share_assigned,2,14,-0.022373574474067216,-0.03736263736263736,13,0.2747930782807876,-0.23833941383649132,0.12486829653870712
1,reddit,median_sale_amount_aed,share_unique,0,16,-0.4881549796477197,-0.4705882352941176,15,-0.05429748009403969,-0.6365156913148754,-0.3524758325556925
1,reddit,median_sale_amount_aed,share_unique,1,15,-0.18066684056917914,-0.15357142857142855,14,0.23116682399799177,-0.4371416055672485,-0.010309817541281421
1,reddit,median_sale_amount_aed,share_unique,2,14,-0.044137603494322525,-0.054945054945054944,13,0.1426829933207438,-0.2425731120679292,0.07996782186591146
1,reddit,median_sale_amount_aed,count,0,16,-0.44552919781510253,-0.55,15,-0.08996934177451342,-0.613356388475733,-0.3028699190912672
1,reddit,median_sale_amount_aed,count,1,15,-0.16258341727140382,-0.25357142857142856,14,0.23895845394818696,-0.3999952940262567,-0.009636972378879146
1,reddit,median_sale_amount_aed,count,2,14,-0.013660630736193767,-0.14285714285714285,13,0.29673836711222196,-0.18107030084190226,0.16389410904391002
3,x,offplan_count,share_all,0,16,0.25480887685646875,0.1764705882352941,15,-0.15771018842880996,0.16985631365641396,0.31564595563550973
3,x,offplan_count,share_all,1,15,0.4137725922273326,0.475,14,0.06910116358925827,0.30730080341908733,0.4962295616875025
3,x,offplan_count,share_all,2,14,0.4434541674062352,0.5120879120879122,13,0.19152201294983293,0.2968091173863087,0.5744639520604905
3,x,offplan_count,share_assigned,0,16,0.23915086868949267,0.21470588235294116,15,-0.31922336440182736,0.15260546294033703,0.3059221299207267
3,x,offplan_count,share_assigned,1,15,0.5011614145965256,0.5142857142857142,14,0.2767186300353817,0.3889776417163536,0.5995735472445549
3,x,offplan_count,share_assigned,2,14,0.4202445774400258,0.5340659340659341,13,0.04963815147200635,0.2765677271525165,0.5796692569060492
3,x,offplan_count,share_unique,0,16,0.26516266076868644,0.1764705882352941,15,-0.149035574003467,0.16924928753839757,0.3309665810393916
3,x,offplan_count,share_unique,1,15,0.4210593906684745,0.475,14,0.06320227268019549,0.3169626977436214,0.4984396246247706
3,x,offplan_count,share_unique,2,14,0.4542091018344144,0.5120879120879122,13,0.21760785454149653,0.3144159085992025,0.5882586322185989
3,x,offplan_count,count,0,16,-0.5234656864886004,-0.49006635783962915,15,-0.22066936526994335,-0.7266882703134555,-0.3754498937954281
3,x,offplan_count,count,1,15,-0.28048639372920714,-0.33243981103064113,14,-0.24967692946688816,-0.4231925081343954,-0.10642110913685736
3,x,offplan_count,count,2,14,0.3312525347755796,0.48571428571428577,13,0.38980607710452286,0.18413372811815037,0.557248247053921
3,reddit,offplan_count,share_all,0,16,0.4180646224455822,0.31764705882352945,15,0.2206064406270357,0.2811580022842711,0.5271304263362998
3,reddit,offplan_count,share_all,1,15,0.3086526963223695,0.3571428571428571,14,-0.001988008928687838,0.2607732758905981,0.3974289957641562
3,reddit,offplan_count,share_all,2,14,0.13054027061583515,0.2351648351648352,13,-0.13070281475680873,-0.05319564605680681,0.4619553415915391
3,reddit,offplan_count,share_assigned,0,16,0.4070577787215253,0.3029411764705882,15,0.19246465121495152,0.26785804204285363,0.510740617778049
3,reddit,offplan_count,share_assigned,1,15,0.347285073833384,0.42142857142857143,14,0.06277183527420986,0.30125663436682326,0.44429964871601213
3,reddit,offplan_count,share_assigned,2,14,0.14934882730576482,0.2175824175824176,13,-0.17406234627768558,-0.005267493227221498,0.45213053089396466
3,reddit,offplan_count,share_unique,0,16,0.4101912341452065,0.2823529411764706,15,0.18859241796519724,0.2750559385737014,0.5226576756927265
3,reddit,offplan_count,share_unique,1,15,0.31482985736051483,0.34642857142857136,14,0.02812570909077426,0.27025596534347135,0.40678885838855394
3,reddit,offplan_count,share_unique,2,14,0.12117280399984673,0.22637362637362637,13,-0.17019398868162605,-0.06442367410352834,0.460127876048825
3,reddit,offplan_count,count,0,16,-0.09681755768184917,-0.23893909267937308,15,0.15981438158587297,-0.17891769121672296,-0.04022940048437005
3,reddit,offplan_count,count,1,15,-0.007962688293906233,0.1792126206831635,14,0.06770014016179046,-0.1745342145973026,0.43396670293430384
3,reddit,offplan_count,count,2,14,-0.05635177260209199,-0.037527959574311584,13,-0.12929402948064583,-0.17547238721766178,0.16613982180553835
3,x,ready_count,share_all,0,16,0.35898430732651054,0.29411764705882354,15,-0.11048855209878496,0.3142246242971308,0.4704653103126154
3,x,ready_count,share_all,1,15,0.6698077205667488,0.7535714285714286,14,0.3467654272513044,0.6299579318470124,0.7466527322949281
3,x,ready_count,share_all,2,14,0.6737422543653231,0.6791208791208792,13,0.004014773317472383,0.6429230151093137,0.738915316026898
3,x,ready_count,share_assigned,0,16,0.36698708862963175,0.29411764705882354,15,-0.20715793775131897,0.3163882270550032,0.4958683622240621
3,x,ready_count,share_assigned,1,15,0.7219938129478156,0.7392857142857142,14,0.46809913135210185,0.6808302772343438,0.7964847215198738
3,x,ready_count,share_assigned,2,14,0.7022264361787903,0.6747252747252748,13,-0.1563896834030032,0.6684890830110312,0.7715561502280357
3,x,ready_count,share_unique,0,16,0.37274754032286056,0.29411764705882354,15,-0.08584952775152056,0.32830503194085875,0.4833978511380654
3,x,ready_count,share_unique,1,15,0.6700575398285101,0.7535714285714286,14,0.3189766590210015,0.630381025534059,0.7475611590815475
3,x,ready_count,share_unique,2,14,0.6848729314606157,0.6791208791208792,13,0.022659685052493387,0.6551534961691933,0.7513574268600186
3,x,ready_count,count,0,16,-0.2333304774691922,-0.3502576371346299,15,-0.1199109090592085,-0.3975268651918462,-0.09002330414354653
3,x,ready_count,count,1,15,-0.1922251844537356,-0.21268998662713062,14,-0.07642184017039216,-0.3884843040563745,-0.05340709537402979
3,x,ready_count,count,2,14,-0.09641854301342534,0.07692307692307693,13,0.1861837234229069,-0.3423669818317439,0.044429104617285484
3,reddit,ready_count,share_all,0,16,0.7514036839165203,0.7382352941176471,15,0.3826906560348585,0.7142395705318864,0.8636657543487256
3,reddit,ready_count,share_all,1,15,0.7243739843935677,0.6499999999999999,14,-0.0019030742599306452,0.6932860434585449,0.7924657296968806
3,reddit,ready_count,share_all,2,14,0.6378401829811874,0.5560439560439561,13,-0.36376709848603633,0.5937128202854436,0.8418490990785258
3,reddit,ready_count,share_assigned,0,16,0.7484118752917004,0.7000000000000001,15,0.31815814163347333,0.7109868455153361,0.8579210265922282
3,reddit,ready_count,share_assigned,1,15,0.7623880137419732,0.6964285714285713,14,0.08458225875329721,0.734701637519527,0.818848845861661
3,reddit,ready_count,share_assigned,2,14,0.6534545188030229,0.5560439560439561,13,-0.42161680979714167,0.6156247869793264,0.8350736858490747
3,reddit,ready_count,share_unique,0,16,0.7541397496823828,0.7058823529411764,15,0.3613896730547558,0.7182130997796156,0.861075981818405
3,reddit,ready_count,share_unique,1,15,0.7355190658773547,0.6714285714285713,14,0.03163809385557603,0.7058451843141995,0.804088087688095
3,reddit,ready_count,share_unique,2,14,0.6381157556031593,0.5516483516483517,13,-0.4004922104640701,0.5941884045979199,0.8498095989397375
3,reddit,ready_count,count,0,16,0.15162825020738482,0.10029542161850227,15,0.26453400189575205,0.048997661899920025,0.3148855398286832
3,reddit,ready_count,count,1,15,-0.024278492140114172,0.05017953379128578,14,0.139004630354558,-0.14592516680260176,0.2248733093303535
3,reddit,ready_count,count,2,14,-0.41286492052126583,-0.41280755531742747,13,-0.5635630185923959,-0.5684588562349142,-0.3192860855816638
9,x,sales_registrations,share_all,0,16,-0.006867349670905699,-0.10588235294117648,15,0.22077135872368361,-0.24029525165519341,0.1668760141711174
9,x,sales_registrations,share_all,1,15,-0.5124626367988225,-0.5535714285714285,14,-0.508470495076168,-0.6747400848747377,-0.35656933699833687
9,x,sales_registrations,share_all,2,14,-0.2417423238118512,-0.47252747252747257,13,0.6050014540272799,-0.508608833463905,-0.12190602005082284
9,x,sales_registrations,share_assigned,0,16,-0.12623005067536,-0.13529411764705881,15,0.13336083420635242,-0.3101009020001031,0.10243627464422655
9,x,sales_registrations,share_assigned,1,15,-0.5869365667911407,-0.5714285714285713,14,-0.4745267656528048,-0.6814882344666687,-0.43871298011125687
9,x,sales_registrations,share_assigned,2,14,-0.38777280928004626,-0.5428571428571429,13,0.5224753398182287,-0.5565630949228506,-0.2277548433167822
9,x,sales_registrations,share_unique,0,16,-0.0069406683053045105,-0.08529411764705883,15,0.2333288357724141,-0.22922299241204405,0.17734155584078168
9,x,sales_registrations,share_unique,1,15,-0.5201267555537804,-0.5678571428571427,14,-0.5061863056796602,-0.6714530518229467,-0.36457480012528126
9,x,sales_registrations,share_unique,2,14,-0.27422551283671714,-0.4813186813186813,13,0.5844131109591636,-0.5332530980509368,-0.15144222129289603
9,x,sales_registrations,count,0,16,-0.3567596220872942,-0.2920366688303449,15,0.27152450947278794,-0.5060286312900237,-0.20214691946908106
9,x,sales_registrations,count,1,15,-0.7653054060043744,-0.7502265196097956,14,-0.7660110938189796,-0.8468010796642409,-0.6686599497816478
9,x,sales_registrations,count,2,14,-0.3930617690822779,-0.5292200944715653,13,0.5256140055599171,-0.5867316102797244,-0.248660137696516
9,reddit,sales_registrations,share_all,0,16,-0.7624393504411143,-0.6705882352941177,15,-0.4183332307626659,-0.847335625260355,-0.7002417647302966
9,reddit,sales_registrations,share_all,1,15,-0.7051062729881726,-0.7142857142857142,14,-0.11770063929389422,-0.7784938264296882,-0.6701866220934871
9,reddit,sales_registrations,share_all,2,14,-0.4974667716428651,-0.44175824175824174,13,0.26892305581201037,-0.7695879275633445,-0.3609297465920847
9,reddit,sales_registrations,share_assigned,0,16,-0.7866152421602475,-0.6264705882352941,15,-0.5515580960470908,-0.8491318973054626,-0.7226363106406454
9,reddit,sales_registrations,share_assigned,1,15,-0.6317402021645154,-0.6892857142857142,14,0.07910560968285003,-0.7222185860458715,-0.5942600344040432
9,reddit,sales_registrations,share_assigned,2,14,-0.49285003835579994,-0.4241758241758242,13,0.12217008785360037,-0.7775747281904241,-0.3294479373611138
9,reddit,sales_registrations,share_unique,0,16,-0.7184424414965647,-0.6382352941176471,15,-0.268472255719134,-0.821150972168341,-0.645370697883801
9,reddit,sales_registrations,share_unique,1,15,-0.6949278956287734,-0.7428571428571428,14,-0.23212098960730232,-0.7694896804675754,-0.658550838545457
9,reddit,sales_registrations,share_unique,2,14,-0.418889645212677,-0.367032967032967,13,0.40458410007143386,-0.7385155243301408,-0.26152390495785055
9,reddit,sales_registrations,count,0,16,-0.7294675709742549,-0.7029411764705883,15,-0.5716516920561567,-0.7805865593293518,-0.6549144465662388
9,reddit,sales_registrations,count,1,15,-0.5656096781740625,-0.6642857142857141,14,0.28052617638577526,-0.6785747521501202,-0.48500319308846046
9,reddit,sales_registrations,count,2,14,-0.5337634748429066,-0.6043956043956044,13,-0.1575065195513855,-0.7678091301862353,-0.41457795908918793
