domain_id,week,records,threads,largest_thread_share
1,2026-01-05,196,94,0.0663265306122449
1,2026-01-12,212,110,0.03773584905660377
1,2026-01-19,207,124,0.03864734299516908
1,2026-01-26,215,113,0.05581395348837209
1,2026-02-02,178,83,0.07865168539325842
1,2026-02-09,231,101,0.08225108225108226
1,2026-02-16,261,105,0.06130268199233716
1,2026-02-23,303,116,0.0891089108910891
1,2026-03-02,634,195,0.03785488958990536
1,2026-03-09,723,203,0.07607192254495158
1,2026-03-16,610,194,0.04918032786885246
1,2026-03-23,507,184,0.08481262327416174
1,2026-03-30,578,194,0.03806228373702422
1,2026-04-06,395,171,0.04050632911392405
1,2026-04-13,232,120,0.04741379310344827
1,2026-04-20,288,144,0.052083333333333336
2,2026-01-05,87,54,0.11494252873563218
2,2026-01-12,47,35,0.06382978723404255
2,2026-01-19,69,38,0.10144927536231885
2,2026-01-26,89,51,0.07865168539325842
2,2026-02-02,99,37,0.12121212121212122
2,2026-02-09,99,53,0.08080808080808081
2,2026-02-16,87,42,0.13793103448275862
2,2026-02-23,90,42,0.06666666666666667
2,2026-03-02,109,76,0.045871559633027525
2,2026-03-09,126,77,0.09523809523809523
2,2026-03-16,131,72,0.08396946564885496
2,2026-03-23,161,72,0.08074534161490683
2,2026-03-30,95,61,0.05263157894736842
2,2026-04-06,91,51,0.13186813186813187
2,2026-04-13,47,36,0.0851063829787234
2,2026-04-20,61,35,0.09836065573770492
3,2026-01-05,261,101,0.04597701149425287
3,2026-01-12,208,99,0.0625
3,2026-01-19,218,103,0.045871559633027525
3,2026-01-26,231,117,0.05194805194805195
3,2026-02-02,183,90,0.12021857923497267
3,2026-02-09,208,99,0.10096153846153846
3,2026-02-16,273,107,0.07326007326007326
3,2026-02-23,195,87,0.09230769230769231
3,2026-03-02,233,101,0.07725321888412018
3,2026-03-09,306,125,0.07516339869281045
3,2026-03-16,208,97,0.052884615384615384
3,2026-03-23,288,127,0.03819444444444445
3,2026-03-30,232,95,0.07758620689655173
3,2026-04-06,178,101,0.0898876404494382
3,2026-04-13,181,93,0.06077348066298342
3,2026-04-20,156,90,0.057692307692307696
4,2026-01-05,276,113,0.05434782608695652
4,2026-01-12,296,127,0.07432432432432433
4,2026-01-19,316,142,0.03164556962025317
4,2026-01-26,315,139,0.06031746031746032
4,2026-02-02,314,133,0.13694267515923567
4,2026-02-09,329,155,0.0911854103343465
4,2026-02-16,373,133,0.06702412868632708
4,2026-02-23,315,124,0.06031746031746032
4,2026-03-02,260,112,0.05384615384615385
4,2026-03-09,391,177,0.028132992327365727
4,2026-03-16,339,163,0.0471976401179941
4,2026-03-23,344,146,0.07848837209302326
4,2026-03-30,381,179,0.031496062992125984
4,2026-04-06,380,175,0.042105263157894736
4,2026-04-13,361,147,0.07479224376731301
4,2026-04-20,315,158,0.050793650793650794
5,2026-01-05,86,48,0.06976744186046512
5,2026-01-12,79,46,0.0759493670886076
5,2026-01-19,84,51,0.07142857142857142
5,2026-01-26,94,43,0.1702127659574468
5,2026-02-02,93,44,0.15053763440860216
5,2026-02-09,117,51,0.08547008547008547
5,2026-02-16,82,42,0.08536585365853659
5,2026-02-23,88,52,0.1590909090909091
5,2026-03-02,155,58,0.11612903225806452
5,2026-03-09,139,70,0.07194244604316546
5,2026-03-16,140,55,0.15
5,2026-03-23,153,62,0.16339869281045752
5,2026-03-30,163,62,0.15337423312883436
5,2026-04-06,205,78,0.2
5,2026-04-13,136,61,0.16911764705882354
5,2026-04-20,105,50,0.11428571428571428
6,2026-01-05,265,120,0.03018867924528302
6,2026-01-12,339,131,0.04424778761061947
6,2026-01-19,327,143,0.09785932721712538
6,2026-01-26,273,144,0.03296703296703297
6,2026-02-02,222,112,0.06756756756756757
6,2026-02-09,281,140,0.099644128113879
6,2026-02-16,292,139,0.08561643835616438
6,2026-02-23,276,121,0.07246376811594203
6,2026-03-02,340,145,0.052941176470588235
6,2026-03-09,419,195,0.03341288782816229
6,2026-03-16,410,172,0.06829268292682927
6,2026-03-23,377,173,0.050397877984084884
6,2026-03-30,434,193,0.06451612903225806
6,2026-04-06,369,195,0.03523035230352303
6,2026-04-13,306,167,0.042483660130718956
6,2026-04-20,289,176,0.0657439446366782
7,2026-01-05,70,36,0.14285714285714285
7,2026-01-12,80,38,0.125
7,2026-01-19,71,39,0.09859154929577464
7,2026-01-26,79,42,0.10126582278481013
7,2026-02-02,84,51,0.07142857142857142
7,2026-02-09,102,50,0.14705882352941177
7,2026-02-16,100,56,0.06
7,2026-02-23,107,64,0.06542056074766354
7,2026-03-02,184,75,0.10869565217391304
7,2026-03-09,181,73,0.3370165745856354
7,2026-03-16,183,84,0.09836065573770492
7,2026-03-23,161,75,0.055900621118012424
7,2026-03-30,177,69,0.0903954802259887
7,2026-04-06,121,62,0.09090909090909091
7,2026-04-13,147,59,0.25170068027210885
7,2026-04-20,104,58,0.09615384615384616
8,2026-01-05,53,26,0.11320754716981132
8,2026-01-12,55,37,0.09090909090909091
8,2026-01-19,91,40,0.24175824175824176
8,2026-01-26,97,39,0.13402061855670103
8,2026-02-02,93,47,0.0967741935483871
8,2026-02-09,89,46,0.06741573033707865
8,2026-02-16,92,44,0.11956521739130435
8,2026-02-23,99,42,0.1414141414141414
8,2026-03-02,180,69,0.08333333333333333
8,2026-03-09,114,67,0.07017543859649122
8,2026-03-16,150,63,0.10666666666666667
8,2026-03-23,212,62,0.08962264150943396
8,2026-03-30,202,50,0.14356435643564355
8,2026-04-06,113,50,0.12389380530973451
8,2026-04-13,102,42,0.21568627450980393
8,2026-04-20,83,40,0.14457831325301204
9,2026-01-05,87,53,0.05747126436781609
9,2026-01-12,88,60,0.056818181818181816
9,2026-01-19,107,65,0.056074766355140186
9,2026-01-26,93,66,0.06451612903225806
9,2026-02-02,81,56,0.06172839506172839
9,2026-02-09,104,73,0.057692307692307696
9,2026-02-16,100,74,0.04
9,2026-02-23,158,72,0.10759493670886076
9,2026-03-02,301,120,0.04318936877076412
9,2026-03-09,279,138,0.05017921146953405
9,2026-03-16,308,121,0.12987012987012986
9,2026-03-23,283,122,0.08833922261484099
9,2026-03-30,242,111,0.06611570247933884
9,2026-04-06,191,112,0.05759162303664921
9,2026-04-13,156,68,0.30128205128205127
9,2026-04-20,137,89,0.11678832116788321
10,2026-01-05,38,29,0.10526315789473684
10,2026-01-12,43,30,0.09302325581395349
10,2026-01-19,46,36,0.10869565217391304
10,2026-01-26,52,38,0.15384615384615385
10,2026-02-02,35,28,0.11428571428571428
10,2026-02-09,49,39,0.10204081632653061
10,2026-02-16,41,34,0.04878048780487805
10,2026-02-23,52,34,0.07692307692307693
10,2026-03-02,117,74,0.05982905982905983
10,2026-03-09,140,77,0.07142857142857142
10,2026-03-16,114,60,0.09649122807017543
10,2026-03-23,146,80,0.0684931506849315
10,2026-03-30,112,64,0.0625
10,2026-04-06,65,49,0.1076923076923077
10,2026-04-13,46,35,0.10869565217391304
10,2026-04-20,70,45,0.05714285714285714
