stage,post_type,removed,retained
invalid_or_outside_utc_capture_window,x_post,0,13142
invalid_or_outside_utc_capture_window,reddit_post,0,7187
invalid_or_outside_utc_capture_window,reddit_comment,0,67826
empty_or_deleted_target,x_post,6,13136
empty_or_deleted_target,reddit_post,0,7187
empty_or_deleted_target,reddit_comment,261,67565
x_non_english_metadata,x_post,38,13098
x_non_english_metadata,reddit_post,0,7187
x_non_english_metadata,reddit_comment,0,67565
known_reddit_automoderator,x_post,0,13098
known_reddit_automoderator,reddit_post,0,7187
known_reddit_automoderator,reddit_comment,2134,65431
no_property_evidence,x_post,809,12289
no_property_evidence,reddit_post,549,6638
no_property_evidence,reddit_comment,4141,61290
target_solicitation,x_post,371,11918
target_solicitation,reddit_post,1241,5397
target_solicitation,reddit_comment,918,60372
contact_only,x_post,0,11918
contact_only,reddit_post,0,5397
contact_only,reddit_comment,3268,57104
reaction_only,x_post,0,11918
reaction_only,reddit_post,0,5397
reaction_only,reddit_comment,116,56988
